id,name,category
1,Supplement 1,Vitamin
2,Supplement 2,Amino Acid
3,Supplement 3,Adaptogen
4,Supplement 4,Amino Acid
5,Supplement 5,Botanical
6,Supplement 6,Electrolyte
7,Supplement 7,Amino Acid
8,Supplement 8,Botanical
9,Supplement 9,Adaptogen
10,Supplement 10,Botanical
11,Supplement 11,Botanical
12,Supplement 12,Probiotic
13,Supplement 13,Amino Acid
14,Supplement 14,Botanical
15,Supplement 15,Mineral
16,Supplement 16,Vitamin
17,Supplement 17,Electrolyte
18,Supplement 18,Adaptogen
19,Supplement 19,Electrolyte
20,Supplement 20,Vitamin
21,Supplement 21,Probiotic
22,Supplement 22,Adaptogen
23,Supplement 23,Electrolyte
24,Supplement 24,Adaptogen
25,Supplement 25,Amino Acid
26,Supplement 26,Probiotic
27,Supplement 27,Mineral
28,Supplement 28,Amino Acid
29,Supplement 29,Electrolyte
30,Supplement 30,Probiotic
31,Supplement 31,Botanical
32,Supplement 32,Electrolyte
33,Supplement 33,Electrolyte
34,Supplement 34,Botanical
35,Supplement 35,Adaptogen
36,Supplement 36,Probiotic
37,Supplement 37,Adaptogen
38,Supplement 38,Amino Acid
39,Supplement 39,Probiotic
40,Supplement 40,Electrolyte
41,Supplement 41,Adaptogen
42,Supplement 42,Vitamin
43,Supplement 43,Vitamin
44,Supplement 44,Amino Acid
45,Supplement 45,Vitamin
46,Supplement 46,Probiotic
47,Supplement 47,Mineral
48,Supplement 48,Botanical
49,Supplement 49,Electrolyte
50,Supplement 50,Adaptogen
51,Supplement 51,Electrolyte
52,Supplement 52,Botanical
53,Supplement 53,Botanical
54,Supplement 54,Vitamin
55,Supplement 55,Probiotic
56,Supplement 56,Vitamin
57,Supplement 57,Vitamin
58,Supplement 58,Mineral
59,Supplement 59,Vitamin
60,Supplement 60,Amino Acid
61,Supplement 61,Probiotic
62,Supplement 62,Mineral
63,Supplement 63,Probiotic
64,Supplement 64,Amino Acid
65,Supplement 65,Probiotic
66,Supplement 66,Adaptogen
67,Supplement 67,Electrolyte
68,Supplement 68,Botanical
69,Supplement 69,Probiotic
70,Supplement 70,Mineral
71,Supplement 71,Botanical
72,Supplement 72,Adaptogen
73,Supplement 73,Amino Acid
74,Supplement 74,Probiotic
75,Supplement 75,Electrolyte
76,Supplement 76,Adaptogen
77,Supplement 77,Mineral
78,Supplement 78,Electrolyte
79,Supplement 79,Adaptogen
80,Supplement 80,Vitamin
81,Supplement 81,Vitamin
82,Supplement 82,Amino Acid
83,Supplement 83,Electrolyte
84,Supplement 84,Adaptogen
85,Supplement 85,Electrolyte
86,Supplement 86,Probiotic
87,Supplement 87,Amino Acid
88,Supplement 88,Botanical
89,Supplement 89,Amino Acid
90,Supplement 90,Botanical
91,Supplement 91,Adaptogen
92,Supplement 92,Adaptogen
93,Supplement 93,Mineral
94,Supplement 94,Vitamin
95,Supplement 95,Electrolyte
96,Supplement 96,Adaptogen
97,Supplement 97,Mineral
98,Supplement 98,Mineral
99,Supplement 99,Amino Acid
100,Supplement 100,Electrolyte
101,Supplement 101,Mineral
102,Supplement 102,Electrolyte
103,Supplement 103,Electrolyte
104,Supplement 104,Vitamin
105,Supplement 105,Probiotic
106,Supplement 106,Botanical
107,Supplement 107,Vitamin
108,Supplement 108,Vitamin
109,Supplement 109,Probiotic
110,Supplement 110,Vitamin
111,Supplement 111,Amino Acid
112,Supplement 112,Botanical
113,Supplement 113,Vitamin
114,Supplement 114,Mineral
115,Supplement 115,Mineral
116,Supplement 116,Mineral
117,Supplement 117,Mineral
118,Supplement 118,Botanical
119,Supplement 119,Amino Acid
120,Supplement 120,Electrolyte
121,Supplement 121,Botanical
122,Supplement 122,Electrolyte
123,Supplement 123,Amino Acid
124,Supplement 124,Electrolyte
125,Supplement 125,Amino Acid
126,Supplement 126,Vitamin
127,Supplement 127,Botanical
128,Supplement 128,Adaptogen
129,Supplement 129,Botanical
130,Supplement 130,Probiotic
131,Supplement 131,Mineral
132,Supplement 132,Vitamin
133,Supplement 133,Adaptogen
134,Supplement 134,Electrolyte
135,Supplement 135,Vitamin
136,Supplement 136,Amino Acid
137,Supplement 137,Botanical
138,Supplement 138,Amino Acid
139,Supplement 139,Amino Acid
140,Supplement 140,Adaptogen
141,Supplement 141,Mineral
142,Supplement 142,Electrolyte
143,Supplement 143,Mineral
144,Supplement 144,Adaptogen
145,Supplement 145,Vitamin
146,Supplement 146,Amino Acid
147,Supplement 147,Vitamin
148,Supplement 148,Vitamin
149,Supplement 149,Electrolyte
150,Supplement 150,Adaptogen
151,Supplement 151,Adaptogen
152,Supplement 152,Probiotic
153,Supplement 153,Adaptogen
154,Supplement 154,Adaptogen
155,Supplement 155,Vitamin
156,Supplement 156,Adaptogen
157,Supplement 157,Amino Acid
158,Supplement 158,Adaptogen
159,Supplement 159,Vitamin
160,Supplement 160,Probiotic
161,Supplement 161,Adaptogen
162,Supplement 162,Amino Acid
163,Supplement 163,Botanical
164,Supplement 164,Vitamin
165,Supplement 165,Vitamin
166,Supplement 166,Vitamin
167,Supplement 167,Electrolyte
168,Supplement 168,Probiotic
169,Supplement 169,Probiotic
170,Supplement 170,Electrolyte
171,Supplement 171,Mineral
172,Supplement 172,Probiotic
173,Supplement 173,Probiotic
174,Supplement 174,Amino Acid
175,Supplement 175,Mineral
176,Supplement 176,Electrolyte
177,Supplement 177,Amino Acid
178,Supplement 178,Botanical
179,Supplement 179,Electrolyte
180,Supplement 180,Electrolyte
181,Supplement 181,Probiotic
182,Supplement 182,Amino Acid
183,Supplement 183,Adaptogen
184,Supplement 184,Botanical
185,Supplement 185,Probiotic
186,Supplement 186,Botanical
187,Supplement 187,Mineral
188,Supplement 188,Adaptogen
189,Supplement 189,Vitamin
190,Supplement 190,Botanical
191,Supplement 191,Probiotic
192,Supplement 192,Botanical
193,Supplement 193,Adaptogen
194,Supplement 194,Electrolyte
195,Supplement 195,Electrolyte
196,Supplement 196,Vitamin
197,Supplement 197,Botanical
198,Supplement 198,Probiotic
199,Supplement 199,Vitamin
200,Supplement 200,Adaptogen
201,Supplement 201,Electrolyte
202,Supplement 202,Mineral
203,Supplement 203,Probiotic
204,Supplement 204,Amino Acid
205,Supplement 205,Mineral
206,Supplement 206,Mineral
207,Supplement 207,Amino Acid
208,Supplement 208,Botanical
209,Supplement 209,Amino Acid
210,Supplement 210,Botanical
211,Supplement 211,Botanical
212,Supplement 212,Amino Acid
213,Supplement 213,Probiotic
214,Supplement 214,Amino Acid
215,Supplement 215,Adaptogen
216,Supplement 216,Vitamin
217,Supplement 217,Electrolyte
218,Supplement 218,Mineral
219,Supplement 219,Electrolyte
220,Supplement 220,Botanical
221,Supplement 221,Probiotic
222,Supplement 222,Adaptogen
223,Supplement 223,Amino Acid
224,Supplement 224,Adaptogen
225,Supplement 225,Probiotic
226,Supplement 226,Botanical
227,Supplement 227,Amino Acid
228,Supplement 228,Amino Acid
229,Supplement 229,Adaptogen
230,Supplement 230,Mineral
231,Supplement 231,Probiotic
232,Supplement 232,Vitamin
233,Supplement 233,Adaptogen
234,Supplement 234,Botanical
235,Supplement 235,Mineral
236,Supplement 236,Electrolyte
237,Supplement 237,Vitamin
238,Supplement 238,Probiotic
239,Supplement 239,Mineral
240,Supplement 240,Vitamin
241,Supplement 241,Adaptogen
242,Supplement 242,Probiotic
243,Supplement 243,Botanical
244,Supplement 244,Electrolyte
245,Supplement 245,Vitamin
246,Supplement 246,Probiotic
247,Supplement 247,Adaptogen
248,Supplement 248,Amino Acid
249,Supplement 249,Electrolyte
250,Supplement 250,Vitamin
251,Supplement 251,Botanical
252,Supplement 252,Vitamin
253,Supplement 253,Mineral
254,Supplement 254,Mineral
255,Supplement 255,Adaptogen
256,Supplement 256,Probiotic
257,Supplement 257,Botanical
258,Supplement 258,Electrolyte
259,Supplement 259,Probiotic
260,Supplement 260,Vitamin
261,Supplement 261,Vitamin
262,Supplement 262,Adaptogen
263,Supplement 263,Mineral
264,Supplement 264,Amino Acid
265,Supplement 265,Probiotic
266,Supplement 266,Botanical
267,Supplement 267,Probiotic
268,Supplement 268,Botanical
269,Supplement 269,Vitamin
270,Supplement 270,Electrolyte
271,Supplement 271,Electrolyte
272,Supplement 272,Electrolyte
273,Supplement 273,Adaptogen
274,Supplement 274,Amino Acid
275,Supplement 275,Amino Acid
276,Supplement 276,Vitamin
277,Supplement 277,Probiotic
278,Supplement 278,Botanical
279,Supplement 279,Adaptogen
280,Supplement 280,Probiotic
281,Supplement 281,Botanical
282,Supplement 282,Probiotic
283,Supplement 283,Botanical
284,Supplement 284,Electrolyte
285,Supplement 285,Electrolyte
286,Supplement 286,Vitamin
287,Supplement 287,Amino Acid
288,Supplement 288,Electrolyte
289,Supplement 289,Adaptogen
290,Supplement 290,Mineral
291,Supplement 291,Probiotic
292,Supplement 292,Electrolyte
293,Supplement 293,Adaptogen
294,Supplement 294,Electrolyte
295,Supplement 295,Adaptogen
296,Supplement 296,Adaptogen
297,Supplement 297,Electrolyte
298,Supplement 298,Mineral
299,Supplement 299,Electrolyte
300,Supplement 300,Adaptogen
301,Supplement 301,Amino Acid
302,Supplement 302,Adaptogen
303,Supplement 303,Mineral
304,Supplement 304,Adaptogen
305,Supplement 305,Vitamin
306,Supplement 306,Probiotic
307,Supplement 307,Amino Acid
308,Supplement 308,Botanical
309,Supplement 309,Mineral
310,Supplement 310,Botanical
311,Supplement 311,Electrolyte
312,Supplement 312,Amino Acid
313,Supplement 313,Mineral
314,Supplement 314,Adaptogen
315,Supplement 315,Botanical
316,Supplement 316,Electrolyte
317,Supplement 317,Electrolyte
318,Supplement 318,Adaptogen
319,Supplement 319,Botanical
320,Supplement 320,Adaptogen
321,Supplement 321,Adaptogen
322,Supplement 322,Mineral
323,Supplement 323,Amino Acid
324,Supplement 324,Electrolyte
325,Supplement 325,Adaptogen
326,Supplement 326,Botanical
327,Supplement 327,Botanical
328,Supplement 328,Adaptogen
329,Supplement 329,Vitamin
330,Supplement 330,Amino Acid
331,Supplement 331,Vitamin
332,Supplement 332,Electrolyte
333,Supplement 333,Adaptogen
334,Supplement 334,Amino Acid
335,Supplement 335,Vitamin
336,Supplement 336,Mineral
337,Supplement 337,Amino Acid
338,Supplement 338,Amino Acid
339,Supplement 339,Vitamin
340,Supplement 340,Electrolyte
341,Supplement 341,Botanical
342,Supplement 342,Probiotic
343,Supplement 343,Botanical
344,Supplement 344,Probiotic
345,Supplement 345,Adaptogen
346,Supplement 346,Probiotic
347,Supplement 347,Probiotic
348,Supplement 348,Adaptogen
349,Supplement 349,Probiotic
350,Supplement 350,Electrolyte
351,Supplement 351,Vitamin
352,Supplement 352,Vitamin
353,Supplement 353,Vitamin
354,Supplement 354,Amino Acid
355,Supplement 355,Probiotic
356,Supplement 356,Vitamin
357,Supplement 357,Mineral
358,Supplement 358,Amino Acid
359,Supplement 359,Probiotic
360,Supplement 360,Botanical
361,Supplement 361,Amino Acid
362,Supplement 362,Electrolyte
363,Supplement 363,Adaptogen
364,Supplement 364,Probiotic
365,Supplement 365,Amino Acid
366,Supplement 366,Probiotic
367,Supplement 367,Vitamin
368,Supplement 368,Mineral
369,Supplement 369,Adaptogen
370,Supplement 370,Botanical
371,Supplement 371,Electrolyte
372,Supplement 372,Botanical
373,Supplement 373,Mineral
374,Supplement 374,Botanical
375,Supplement 375,Vitamin
376,Supplement 376,Amino Acid
377,Supplement 377,Vitamin
378,Supplement 378,Mineral
379,Supplement 379,Vitamin
380,Supplement 380,Adaptogen
381,Supplement 381,Amino Acid
382,Supplement 382,Amino Acid
383,Supplement 383,Amino Acid
384,Supplement 384,Electrolyte
385,Supplement 385,Mineral
386,Supplement 386,Adaptogen
387,Supplement 387,Mineral
388,Supplement 388,Amino Acid
389,Supplement 389,Botanical
390,Supplement 390,Electrolyte
391,Supplement 391,Vitamin
392,Supplement 392,Vitamin
393,Supplement 393,Botanical
394,Supplement 394,Vitamin
395,Supplement 395,Electrolyte
396,Supplement 396,Amino Acid
397,Supplement 397,Vitamin
398,Supplement 398,Probiotic
399,Supplement 399,Electrolyte
400,Supplement 400,Adaptogen
401,Supplement 401,Electrolyte
402,Supplement 402,Mineral
403,Supplement 403,Amino Acid
404,Supplement 404,Adaptogen
405,Supplement 405,Probiotic
406,Supplement 406,Adaptogen
407,Supplement 407,Adaptogen
408,Supplement 408,Botanical
409,Supplement 409,Adaptogen
410,Supplement 410,Mineral
411,Supplement 411,Adaptogen
412,Supplement 412,Adaptogen
413,Supplement 413,Mineral
414,Supplement 414,Amino Acid
415,Supplement 415,Amino Acid
416,Supplement 416,Probiotic
417,Supplement 417,Vitamin
418,Supplement 418,Mineral
419,Supplement 419,Electrolyte
420,Supplement 420,Botanical
421,Supplement 421,Mineral
422,Supplement 422,Electrolyte
423,Supplement 423,Electrolyte
424,Supplement 424,Botanical
425,Supplement 425,Vitamin
426,Supplement 426,Botanical
427,Supplement 427,Amino Acid
428,Supplement 428,Adaptogen
429,Supplement 429,Electrolyte
430,Supplement 430,Electrolyte
431,Supplement 431,Electrolyte
432,Supplement 432,Probiotic
433,Supplement 433,Vitamin
434,Supplement 434,Mineral
435,Supplement 435,Vitamin
436,Supplement 436,Electrolyte
437,Supplement 437,Adaptogen
438,Supplement 438,Electrolyte
439,Supplement 439,Adaptogen
440,Supplement 440,Botanical
441,Supplement 441,Electrolyte
442,Supplement 442,Mineral
443,Supplement 443,Vitamin
444,Supplement 444,Amino Acid
445,Supplement 445,Vitamin
446,Supplement 446,Amino Acid
447,Supplement 447,Mineral
448,Supplement 448,Mineral
449,Supplement 449,Mineral
450,Supplement 450,Vitamin
451,Supplement 451,Mineral
452,Supplement 452,Probiotic
453,Supplement 453,Amino Acid
454,Supplement 454,Botanical
455,Supplement 455,Mineral
456,Supplement 456,Adaptogen
457,Supplement 457,Amino Acid
458,Supplement 458,Adaptogen
459,Supplement 459,Electrolyte
460,Supplement 460,Mineral
461,Supplement 461,Adaptogen
462,Supplement 462,Botanical
463,Supplement 463,Vitamin
464,Supplement 464,Vitamin
465,Supplement 465,Probiotic
466,Supplement 466,Probiotic
467,Supplement 467,Amino Acid
468,Supplement 468,Probiotic
469,Supplement 469,Probiotic
470,Supplement 470,Vitamin
471,Supplement 471,Probiotic
472,Supplement 472,Mineral
473,Supplement 473,Botanical
474,Supplement 474,Adaptogen
475,Supplement 475,Mineral
476,Supplement 476,Mineral
477,Supplement 477,Mineral
478,Supplement 478,Botanical
479,Supplement 479,Mineral
480,Supplement 480,Adaptogen
481,Supplement 481,Electrolyte
482,Supplement 482,Amino Acid
483,Supplement 483,Botanical
484,Supplement 484,Amino Acid
485,Supplement 485,Adaptogen
486,Supplement 486,Vitamin
487,Supplement 487,Probiotic
488,Supplement 488,Botanical
489,Supplement 489,Botanical
490,Supplement 490,Electrolyte
491,Supplement 491,Electrolyte
492,Supplement 492,Botanical
493,Supplement 493,Amino Acid
494,Supplement 494,Vitamin
495,Supplement 495,Mineral
496,Supplement 496,Mineral
497,Supplement 497,Vitamin
498,Supplement 498,Vitamin
499,Supplement 499,Mineral
500,Supplement 500,Vitamin
501,Supplement 501,Mineral
502,Supplement 502,Botanical
503,Supplement 503,Amino Acid
504,Supplement 504,Adaptogen
505,Supplement 505,Amino Acid
506,Supplement 506,Probiotic
507,Supplement 507,Adaptogen
508,Supplement 508,Amino Acid
509,Supplement 509,Adaptogen
510,Supplement 510,Amino Acid
511,Supplement 511,Mineral
512,Supplement 512,Mineral
513,Supplement 513,Adaptogen
514,Supplement 514,Mineral
515,Supplement 515,Mineral
516,Supplement 516,Probiotic
517,Supplement 517,Electrolyte
518,Supplement 518,Amino Acid
519,Supplement 519,Amino Acid
520,Supplement 520,Probiotic
521,Supplement 521,Mineral
522,Supplement 522,Probiotic
523,Supplement 523,Amino Acid
524,Supplement 524,Probiotic
525,Supplement 525,Probiotic
526,Supplement 526,Mineral
527,Supplement 527,Botanical
528,Supplement 528,Probiotic
529,Supplement 529,Vitamin
530,Supplement 530,Vitamin
531,Supplement 531,Botanical
532,Supplement 532,Amino Acid
533,Supplement 533,Mineral
534,Supplement 534,Vitamin
535,Supplement 535,Vitamin
536,Supplement 536,Electrolyte
537,Supplement 537,Electrolyte
538,Supplement 538,Amino Acid
539,Supplement 539,Adaptogen
540,Supplement 540,Vitamin
541,Supplement 541,Mineral
542,Supplement 542,Probiotic
543,Supplement 543,Probiotic
544,Supplement 544,Mineral
545,Supplement 545,Mineral
546,Supplement 546,Botanical
547,Supplement 547,Adaptogen
548,Supplement 548,Vitamin
549,Supplement 549,Adaptogen
550,Supplement 550,Vitamin
551,Supplement 551,Vitamin
552,Supplement 552,Probiotic
553,Supplement 553,Electrolyte
554,Supplement 554,Electrolyte
555,Supplement 555,Electrolyte
556,Supplement 556,Botanical
557,Supplement 557,Electrolyte
558,Supplement 558,Mineral
559,Supplement 559,Amino Acid
560,Supplement 560,Adaptogen
561,Supplement 561,Vitamin
562,Supplement 562,Adaptogen
563,Supplement 563,Amino Acid
564,Supplement 564,Vitamin
565,Supplement 565,Probiotic
566,Supplement 566,Vitamin
567,Supplement 567,Mineral
568,Supplement 568,Adaptogen
569,Supplement 569,Probiotic
570,Supplement 570,Amino Acid
571,Supplement 571,Mineral
572,Supplement 572,Adaptogen
573,Supplement 573,Mineral
574,Supplement 574,Probiotic
575,Supplement 575,Vitamin
576,Supplement 576,Electrolyte
577,Supplement 577,Probiotic
578,Supplement 578,Mineral
579,Supplement 579,Adaptogen
580,Supplement 580,Vitamin
581,Supplement 581,Botanical
582,Supplement 582,Amino Acid
583,Supplement 583,Botanical
584,Supplement 584,Amino Acid
585,Supplement 585,Mineral
586,Supplement 586,Adaptogen
587,Supplement 587,Vitamin
588,Supplement 588,Botanical
589,Supplement 589,Vitamin
590,Supplement 590,Electrolyte
591,Supplement 591,Adaptogen
592,Supplement 592,Adaptogen
593,Supplement 593,Mineral
594,Supplement 594,Botanical
595,Supplement 595,Probiotic
596,Supplement 596,Probiotic
597,Supplement 597,Electrolyte
598,Supplement 598,Botanical
599,Supplement 599,Electrolyte
600,Supplement 600,Vitamin
601,Supplement 601,Botanical
602,Supplement 602,Probiotic
603,Supplement 603,Adaptogen
604,Supplement 604,Electrolyte
605,Supplement 605,Vitamin
606,Supplement 606,Electrolyte
607,Supplement 607,Electrolyte
608,Supplement 608,Botanical
609,Supplement 609,Adaptogen
610,Supplement 610,Probiotic
611,Supplement 611,Botanical
612,Supplement 612,Adaptogen
613,Supplement 613,Adaptogen
614,Supplement 614,Electrolyte
615,Supplement 615,Amino Acid
616,Supplement 616,Electrolyte
617,Supplement 617,Electrolyte
618,Supplement 618,Probiotic
619,Supplement 619,Adaptogen
620,Supplement 620,Adaptogen
621,Supplement 621,Electrolyte
622,Supplement 622,Amino Acid
623,Supplement 623,Adaptogen
624,Supplement 624,Amino Acid
625,Supplement 625,Vitamin
626,Supplement 626,Amino Acid
627,Supplement 627,Vitamin
628,Supplement 628,Vitamin
629,Supplement 629,Amino Acid
630,Supplement 630,Amino Acid
631,Supplement 631,Electrolyte
632,Supplement 632,Amino Acid
633,Supplement 633,Electrolyte
634,Supplement 634,Adaptogen
635,Supplement 635,Adaptogen
636,Supplement 636,Amino Acid
637,Supplement 637,Probiotic
638,Supplement 638,Electrolyte
639,Supplement 639,Amino Acid
640,Supplement 640,Probiotic
641,Supplement 641,Adaptogen
642,Supplement 642,Mineral
643,Supplement 643,Adaptogen
644,Supplement 644,Electrolyte
645,Supplement 645,Adaptogen
646,Supplement 646,Vitamin
647,Supplement 647,Probiotic
648,Supplement 648,Probiotic
649,Supplement 649,Botanical
650,Supplement 650,Vitamin
651,Supplement 651,Probiotic
652,Supplement 652,Amino Acid
653,Supplement 653,Mineral
654,Supplement 654,Vitamin
655,Supplement 655,Electrolyte
656,Supplement 656,Adaptogen
657,Supplement 657,Vitamin
658,Supplement 658,Adaptogen
659,Supplement 659,Botanical
660,Supplement 660,Mineral
661,Supplement 661,Mineral
662,Supplement 662,Botanical
663,Supplement 663,Mineral
664,Supplement 664,Mineral
665,Supplement 665,Mineral
666,Supplement 666,Vitamin
667,Supplement 667,Probiotic
668,Supplement 668,Amino Acid
669,Supplement 669,Vitamin
670,Supplement 670,Electrolyte
671,Supplement 671,Adaptogen
672,Supplement 672,Vitamin
673,Supplement 673,Adaptogen
674,Supplement 674,Adaptogen
675,Supplement 675,Mineral
676,Supplement 676,Adaptogen
677,Supplement 677,Probiotic
678,Supplement 678,Adaptogen
679,Supplement 679,Probiotic
680,Supplement 680,Mineral
681,Supplement 681,Vitamin
682,Supplement 682,Vitamin
683,Supplement 683,Amino Acid
684,Supplement 684,Vitamin
685,Supplement 685,Adaptogen
686,Supplement 686,Amino Acid
687,Supplement 687,Adaptogen
688,Supplement 688,Probiotic
689,Supplement 689,Electrolyte
690,Supplement 690,Probiotic
691,Supplement 691,Electrolyte
692,Supplement 692,Botanical
693,Supplement 693,Probiotic
694,Supplement 694,Botanical
695,Supplement 695,Probiotic
696,Supplement 696,Probiotic
697,Supplement 697,Amino Acid
698,Supplement 698,Probiotic
699,Supplement 699,Botanical
700,Supplement 700,Vitamin
701,Supplement 701,Electrolyte
702,Supplement 702,Amino Acid
703,Supplement 703,Vitamin
704,Supplement 704,Electrolyte
705,Supplement 705,Amino Acid
706,Supplement 706,Electrolyte
707,Supplement 707,Vitamin
708,Supplement 708,Amino Acid
709,Supplement 709,Electrolyte
710,Supplement 710,Electrolyte
711,Supplement 711,Probiotic
712,Supplement 712,Vitamin
713,Supplement 713,Botanical
714,Supplement 714,Adaptogen
715,Supplement 715,Electrolyte
716,Supplement 716,Probiotic
717,Supplement 717,Mineral
718,Supplement 718,Electrolyte
719,Supplement 719,Amino Acid
720,Supplement 720,Electrolyte
721,Supplement 721,Vitamin
722,Supplement 722,Mineral
723,Supplement 723,Amino Acid
724,Supplement 724,Adaptogen
725,Supplement 725,Probiotic
726,Supplement 726,Electrolyte
727,Supplement 727,Probiotic
728,Supplement 728,Electrolyte
729,Supplement 729,Botanical
730,Supplement 730,Botanical
731,Supplement 731,Electrolyte
732,Supplement 732,Botanical
733,Supplement 733,Electrolyte
734,Supplement 734,Electrolyte
735,Supplement 735,Amino Acid
736,Supplement 736,Electrolyte
737,Supplement 737,Vitamin
738,Supplement 738,Amino Acid
739,Supplement 739,Electrolyte
740,Supplement 740,Electrolyte
741,Supplement 741,Amino Acid
742,Supplement 742,Mineral
743,Supplement 743,Vitamin
744,Supplement 744,Probiotic
745,Supplement 745,Adaptogen
746,Supplement 746,Vitamin
747,Supplement 747,Amino Acid
748,Supplement 748,Botanical
749,Supplement 749,Mineral
750,Supplement 750,Adaptogen
751,Supplement 751,Botanical
752,Supplement 752,Amino Acid
753,Supplement 753,Adaptogen
754,Supplement 754,Adaptogen
755,Supplement 755,Mineral
756,Supplement 756,Amino Acid
757,Supplement 757,Botanical
758,Supplement 758,Electrolyte
759,Supplement 759,Amino Acid
760,Supplement 760,Botanical
761,Supplement 761,Probiotic
762,Supplement 762,Electrolyte
763,Supplement 763,Electrolyte
764,Supplement 764,Mineral
765,Supplement 765,Probiotic
766,Supplement 766,Electrolyte
767,Supplement 767,Amino Acid
768,Supplement 768,Botanical
769,Supplement 769,Adaptogen
770,Supplement 770,Probiotic
771,Supplement 771,Probiotic
772,Supplement 772,Mineral
773,Supplement 773,Botanical
774,Supplement 774,Amino Acid
775,Supplement 775,Amino Acid
776,Supplement 776,Probiotic
777,Supplement 777,Vitamin
778,Supplement 778,Probiotic
779,Supplement 779,Vitamin
780,Supplement 780,Adaptogen
781,Supplement 781,Electrolyte
782,Supplement 782,Botanical
783,Supplement 783,Botanical
784,Supplement 784,Amino Acid
785,Supplement 785,Mineral
786,Supplement 786,Mineral
787,Supplement 787,Adaptogen
788,Supplement 788,Adaptogen
789,Supplement 789,Mineral
790,Supplement 790,Mineral
791,Supplement 791,Probiotic
792,Supplement 792,Botanical
793,Supplement 793,Botanical
794,Supplement 794,Botanical
795,Supplement 795,Electrolyte
796,Supplement 796,Electrolyte
797,Supplement 797,Vitamin
798,Supplement 798,Vitamin
799,Supplement 799,Vitamin
800,Supplement 800,Vitamin
801,Supplement 801,Vitamin
802,Supplement 802,Electrolyte
803,Supplement 803,Electrolyte
804,Supplement 804,Amino Acid
805,Supplement 805,Probiotic
806,Supplement 806,Mineral
807,Supplement 807,Adaptogen
808,Supplement 808,Electrolyte
809,Supplement 809,Amino Acid
810,Supplement 810,Adaptogen
811,Supplement 811,Amino Acid
812,Supplement 812,Botanical
813,Supplement 813,Vitamin
814,Supplement 814,Vitamin
815,Supplement 815,Botanical
816,Supplement 816,Amino Acid
817,Supplement 817,Vitamin
818,Supplement 818,Botanical
819,Supplement 819,Adaptogen
820,Supplement 820,Mineral
821,Supplement 821,Probiotic
822,Supplement 822,Amino Acid
823,Supplement 823,Probiotic
824,Supplement 824,Adaptogen
825,Supplement 825,Vitamin
826,Supplement 826,Probiotic
827,Supplement 827,Mineral
828,Supplement 828,Amino Acid
829,Supplement 829,Probiotic
830,Supplement 830,Botanical
831,Supplement 831,Amino Acid
832,Supplement 832,Adaptogen
833,Supplement 833,Electrolyte
834,Supplement 834,Mineral
835,Supplement 835,Amino Acid
836,Supplement 836,Mineral
837,Supplement 837,Probiotic
838,Supplement 838,Adaptogen
839,Supplement 839,Vitamin
840,Supplement 840,Vitamin
841,Supplement 841,Amino Acid
842,Supplement 842,Electrolyte
843,Supplement 843,Probiotic
844,Supplement 844,Probiotic
845,Supplement 845,Amino Acid
846,Supplement 846,Vitamin
847,Supplement 847,Vitamin
848,Supplement 848,Amino Acid
849,Supplement 849,Botanical
850,Supplement 850,Amino Acid
851,Supplement 851,Mineral
852,Supplement 852,Vitamin
853,Supplement 853,Vitamin
854,Supplement 854,Vitamin
855,Supplement 855,Adaptogen
856,Supplement 856,Mineral
857,Supplement 857,Vitamin
858,Supplement 858,Probiotic
859,Supplement 859,Mineral
860,Supplement 860,Mineral
861,Supplement 861,Adaptogen
862,Supplement 862,Probiotic
863,Supplement 863,Electrolyte
864,Supplement 864,Probiotic
865,Supplement 865,Amino Acid
866,Supplement 866,Amino Acid
867,Supplement 867,Adaptogen
868,Supplement 868,Electrolyte
869,Supplement 869,Adaptogen
870,Supplement 870,Amino Acid
871,Supplement 871,Electrolyte
872,Supplement 872,Probiotic
873,Supplement 873,Botanical
874,Supplement 874,Vitamin
875,Supplement 875,Probiotic
876,Supplement 876,Electrolyte
877,Supplement 877,Adaptogen
878,Supplement 878,Electrolyte
879,Supplement 879,Probiotic
880,Supplement 880,Vitamin
881,Supplement 881,Adaptogen
882,Supplement 882,Botanical
883,Supplement 883,Probiotic
884,Supplement 884,Botanical
885,Supplement 885,Electrolyte
886,Supplement 886,Adaptogen
887,Supplement 887,Vitamin
888,Supplement 888,Amino Acid
889,Supplement 889,Vitamin
890,Supplement 890,Mineral
891,Supplement 891,Amino Acid
892,Supplement 892,Botanical
893,Supplement 893,Probiotic
894,Supplement 894,Vitamin
895,Supplement 895,Vitamin
896,Supplement 896,Amino Acid
897,Supplement 897,Electrolyte
898,Supplement 898,Probiotic
899,Supplement 899,Botanical
900,Supplement 900,Amino Acid
901,Supplement 901,Amino Acid
902,Supplement 902,Mineral
903,Supplement 903,Botanical
904,Supplement 904,Electrolyte
905,Supplement 905,Adaptogen
906,Supplement 906,Amino Acid
907,Supplement 907,Electrolyte
908,Supplement 908,Botanical
909,Supplement 909,Electrolyte
910,Supplement 910,Probiotic
911,Supplement 911,Mineral
912,Supplement 912,Amino Acid
913,Supplement 913,Amino Acid
914,Supplement 914,Mineral
915,Supplement 915,Mineral
916,Supplement 916,Probiotic
917,Supplement 917,Botanical
918,Supplement 918,Botanical
919,Supplement 919,Electrolyte
920,Supplement 920,Amino Acid
921,Supplement 921,Adaptogen
922,Supplement 922,Vitamin
923,Supplement 923,Vitamin
924,Supplement 924,Probiotic
925,Supplement 925,Vitamin
926,Supplement 926,Vitamin
927,Supplement 927,Amino Acid
928,Supplement 928,Electrolyte
929,Supplement 929,Vitamin
930,Supplement 930,Probiotic
931,Supplement 931,Probiotic
932,Supplement 932,Mineral
933,Supplement 933,Vitamin
934,Supplement 934,Probiotic
935,Supplement 935,Amino Acid
936,Supplement 936,Probiotic
937,Supplement 937,Botanical
938,Supplement 938,Mineral
939,Supplement 939,Probiotic
940,Supplement 940,Adaptogen
941,Supplement 941,Mineral
942,Supplement 942,Adaptogen
943,Supplement 943,Botanical
944,Supplement 944,Adaptogen
945,Supplement 945,Mineral
946,Supplement 946,Adaptogen
947,Supplement 947,Electrolyte
948,Supplement 948,Electrolyte
949,Supplement 949,Botanical
950,Supplement 950,Probiotic
951,Supplement 951,Adaptogen
952,Supplement 952,Amino Acid
953,Supplement 953,Amino Acid
954,Supplement 954,Probiotic
955,Supplement 955,Botanical
956,Supplement 956,Vitamin
957,Supplement 957,Botanical
958,Supplement 958,Probiotic
959,Supplement 959,Vitamin
960,Supplement 960,Botanical
961,Supplement 961,Electrolyte
962,Supplement 962,Probiotic
963,Supplement 963,Mineral
964,Supplement 964,Adaptogen
965,Supplement 965,Mineral
966,Supplement 966,Botanical
967,Supplement 967,Amino Acid
968,Supplement 968,Probiotic
969,Supplement 969,Vitamin
970,Supplement 970,Electrolyte
971,Supplement 971,Amino Acid
972,Supplement 972,Vitamin
973,Supplement 973,Mineral
974,Supplement 974,Mineral
975,Supplement 975,Adaptogen
976,Supplement 976,Probiotic
977,Supplement 977,Amino Acid
978,Supplement 978,Amino Acid
979,Supplement 979,Adaptogen
980,Supplement 980,Mineral
981,Supplement 981,Mineral
982,Supplement 982,Electrolyte
983,Supplement 983,Botanical
984,Supplement 984,Amino Acid
985,Supplement 985,Mineral
986,Supplement 986,Mineral
987,Supplement 987,Electrolyte
988,Supplement 988,Amino Acid
989,Supplement 989,Adaptogen
990,Supplement 990,Vitamin
991,Supplement 991,Adaptogen
992,Supplement 992,Adaptogen
993,Supplement 993,Adaptogen
994,Supplement 994,Amino Acid
995,Supplement 995,Vitamin
996,Supplement 996,Amino Acid
997,Supplement 997,Mineral
998,Supplement 998,Electrolyte
999,Supplement 999,Electrolyte
1000,Supplement 1000,Adaptogen
