name,type
Magnesium,supplement
Ashwagandha,supplement
Omega-3,supplement
Fish Oil,supplement
Vitamin D,supplement
Vitamin D3,supplement
Vitamin C,supplement
Vitamin E,supplement
Vitamin B12,supplement
Vitamin B6,supplement
Vitamin A,supplement
Vitamin K,supplement
Biotin,supplement
Folate,supplement
Folic Acid,supplement
Zinc,supplement
Iron,supplement
Calcium,supplement
Potassium,supplement
Selenium,supplement
Chromium,supplement
Copper,supplement
Manganese,supplement
Iodine,supplement
Molybdenum,supplement
CoQ10,supplement
Coenzyme Q10,supplement
Turmeric,supplement
Curcumin,supplement
St. John's Wort,supplement
Ginkgo Biloba,supplement
Ginseng,supplement
Panax Ginseng,supplement
Echinacea,supplement
Garlic,supplement
Ginger,supplement
Green Tea Extract,supplement
EGCG,supplement
Resveratrol,supplement
Quercetin,supplement
Alpha Lipoic Acid,supplement
Melatonin,supplement
5-HTP,supplement
SAMe,supplement
L-Theanine,supplement
GABA,supplement
Valerian Root,supplement
Passionflower,supplement
Chamomile,supplement
Lemon Balm,supplement
Kava,supplement
Rhodiola,supplement
Bacopa,supplement
Lion's Mane,supplement
Cordyceps,supplement
Reishi,supplement
Chaga,supplement
Turkey Tail,supplement
Maitake,supplement
Shiitake,supplement
Creatine,supplement
Beta-Alanine,supplement
BCAAs,supplement
L-Carnitine,supplement
L-Arginine,supplement
L-Citrulline,supplement
Glutamine,supplement
Taurine,supplement
Glycine,supplement
Proline,supplement
Lysine,supplement
Methionine,supplement
Tryptophan,supplement
Phenylalanine,supplement
Tyrosine,supplement
Histidine,supplement
Glucosamine,supplement
Chondroitin,supplement
MSM,supplement
Hyaluronic Acid,supplement
Collagen,supplement
Gelatin,supplement
Probiotics,supplement
Prebiotics,supplement
Digestive Enzymes,supplement
Lactobacillus,supplement
Bifidobacterium,supplement
Milk Thistle,supplement
Dandelion Root,supplement
Artichoke Extract,supplement
N-Acetyl Cysteine,supplement
NAC,supplement
Glutathione,supplement
Spirulina,supplement
Chlorella,supplement
Wheatgrass,supplement
Barley Grass,supplement
Moringa,supplement
Maca,supplement
Tribulus,supplement
Fenugreek,supplement
Saw Palmetto,supplement
Pygeum,supplement
Beta Sitosterol,supplement
Nettle Root,supplement
Pumpkin Seed,supplement
Lycopene,supplement
Lutein,supplement
Zeaxanthin,supplement
Astaxanthin,supplement
Bilberry,supplement
Eyebright,supplement
DHA,supplement
EPA,supplement
Krill Oil,supplement
Flaxseed Oil,supplement
Evening Primrose Oil,supplement
Borage Oil,supplement
Black Currant Oil,supplement
CLA,supplement
MCT Oil,supplement
Coconut Oil,supplement
Olive Leaf Extract,supplement
Grape Seed Extract,supplement
Pine Bark Extract,supplement
Pycnogenol,supplement
Hawthorn,supplement
Horse Chestnut,supplement
Butcher's Broom,supplement
Cayenne,supplement
Black Pepper Extract,supplement
Piperine,supplement
Berberine,supplement
Bitter Melon,supplement
Gymnema,supplement
Cinnamon,supplement
Apple Cider Vinegar,supplement
Psyllium,supplement
Inulin,supplement
FOS,supplement
Chicory Root,supplement
Slippery Elm,supplement
Marshmallow Root,supplement
DGL,supplement
Zinc Carnosine,supplement
L-Glutamine,supplement
Aloe Vera,supplement
Triphala,supplement
Cascara Sagrada,supplement
Senna,supplement
Elderberry,supplement
Sambucus,supplement
Andrographis,supplement
Astragalus,supplement
Cat's Claw,supplement
Olive Leaf,supplement
Oregano Oil,supplement
Monolaurin,supplement
Caprylic Acid,supplement
Undecylenic Acid,supplement
Pau d'Arco,supplement
Goldenseal,supplement
Uva Ursi,supplement
Cranberry,supplement
D-Mannose,supplement
Bromelain,supplement
Papain,supplement
Serrapeptase,supplement
Nattokinase,supplement
Lumbrokinase,supplement
Rutin,supplement
Hesperidin,supplement
Diosmin,supplement
DHEA,supplement
Pregnenolone,supplement
7-Keto DHEA,supplement
Phosphatidylserine,supplement
Phosphatidylcholine,supplement
Inositol,supplement
Choline,supplement
Betaine,supplement
TMG,supplement
Acetyl-L-Carnitine,supplement
ALCAR,supplement
Alpha-GPC,supplement
CDP-Choline,supplement
Huperzine A,supplement
Vinpocetine,supplement
Gotu Kola,supplement
Centella,supplement
Mucuna Pruriens,supplement
L-DOPA,supplement
Sulbutiamine,supplement
PQQ,supplement
Nicotinamide Riboside,supplement
NR,supplement
NMN,supplement
Levothyroxine,medication
Synthroid,medication
Sertraline,medication
Zoloft,medication
Metformin,medication
Glucophage,medication
Warfarin,medication
Coumadin,medication
Lisinopril,medication
Prinivil,medication
Atorvastatin,medication
Lipitor,medication
Amlodipine,medication
Norvasc,medication
Omeprazole,medication
Prilosec,medication
Losartan,medication
Cozaar,medication
Ibuprofen,medication
Advil,medication
Motrin,medication
Acetaminophen,medication
Tylenol,medication
Aspirin,medication
Simvastatin,medication
Zocor,medication
Rosuvastatin,medication
Crestor,medication
Pravastatin,medication
Pravachol,medication
Metoprolol,medication
Lopressor,medication
Toprol,medication
Furosemide,medication
Lasix,medication
Hydrochlorothiazide,medication
HCTZ,medication
Microzide,medication
Gabapentin,medication
Neurontin,medication
Prednisone,medication
Deltasone,medication
Albuterol,medication
ProAir,medication
Ventolin,medication
Pantoprazole,medication
Protonix,medication
Escitalopram,medication
Lexapro,medication
Fluoxetine,medication
Prozac,medication
Citalopram,medication
Celexa,medication
Venlafaxine,medication
Effexor,medication
Duloxetine,medication
Cymbalta,medication
Bupropion,medication
Wellbutrin,medication
Zyban,medication
Paroxetine,medication
Paxil,medication
Amitriptyline,medication
Elavil,medication
Nortriptyline,medication
Pamelor,medication
Clonazepam,medication
Klonopin,medication
Lorazepam,medication
Ativan,medication
Alprazolam,medication
Xanax,medication
Diazepam,medication
Valium,medication
Zolpidem,medication
Ambien,medication
Eszopiclone,medication
Lunesta,medication
Trazodone,medication
Desyrel,medication
Mirtazapine,medication
Remeron,medication
Quetiapine,medication
Seroquel,medication
Aripiprazole,medication
Abilify,medication
Risperidone,medication
Risperdal,medication
Olanzapine,medication
Zyprexa,medication
Lithium,medication
Eskalith,medication
Carbamazepine,medication
Tegretol,medication
Valproic Acid,medication
Depakote,medication
Lamotrigine,medication
Lamictal,medication
Topiramate,medication
Topamax,medication
Levetiracetam,medication
Keppra,medication
Phenytoin,medication
Dilantin,medication
Baclofen,medication
Lioresal,medication
Cyclobenzaprine,medication
Flexeril,medication
Tizanidine,medication
Zanaflex,medication
Tramadol,medication
Ultram,medication
Oxycodone,medication
OxyContin,medication
Hydrocodone,medication
Vicodin,medication
Norco,medication
Codeine,medication
Morphine,medication
Fentanyl,medication
Duragesic,medication
Naproxen,medication
Aleve,medication
Naprosyn,medication
Celecoxib,medication
Celebrex,medication
Meloxicam,medication
Mobic,medication
Indomethacin,medication
Indocin,medication
Diclofenac,medication
Voltaren,medication
Ketorolac,medication
Toradol,medication
Montelukast,medication
Singulair,medication
Fluticasone,medication
Flonase,medication
Mometasone,medication
Nasonex,medication
Cetirizine,medication
Zyrtec,medication
Loratadine,medication
Claritin,medication
Fexofenadine,medication
Allegra,medication
Diphenhydramine,medication
Benadryl,medication
Ranitidine,medication
Zantac,medication
Famotidine,medication
Pepcid,medication
Esomeprazole,medication
Nexium,medication
Lansoprazole,medication
Prevacid,medication
Dexlansoprazole,medication
Dexilant,medication
Sucralfate,medication
Carafate,medication
Mesalamine,medication
Asacol,medication
Lialda,medication
Sulfasalazine,medication
Azulfidine,medication
Methylprednisolone,medication
Medrol,medication
Dexamethasone,medication
Decadron,medication
Hydrocortisone,medication
Cortef,medication
Liothyronine,medication
Cytomel,medication
Propylthiouracil,medication
PTU,medication
Methimazole,medication
Tapazole,medication
Glipizide,medication
Glucotrol,medication
Glyburide,medication
Diabeta,medication
Glimepiride,medication
Amaryl,medication
Pioglitazone,medication
Actos,medication
Rosiglitazone,medication
Avandia,medication
Sitagliptin,medication
Januvia,medication
Saxagliptin,medication
Onglyza,medication
Linagliptin,medication
Tradjenta,medication
Alogliptin,medication
Nesina,medication
Empagliflozin,medication
Jardiance,medication
Dapagliflozin,medication
Farxiga,medication
Canagliflozin,medication
Invokana,medication
Insulin,medication
Humalog,medication
Novolog,medication
Lantus,medication
Levemir,medication
Tresiba,medication
Toujeo,medication
Digoxin,medication
Lanoxin,medication
Diltiazem,medication
Cardizem,medication
Verapamil,medication
Calan,medication
Carvedilol,medication
Coreg,medication
Bisoprolol,medication
Zebeta,medication
Atenolol,medication
Tenormin,medication
Propranolol,medication
Inderal,medication
Labetalol,medication
Trandate,medication
Clonidine,medication
Catapres,medication
Methyldopa,medication
Aldomet,medication
Hydralazine,medication
Apresoline,medication
Minoxidil,medication
Loniten,medication
Spironolactone,medication
Aldactone,medication
Eplerenone,medication
Inspra,medication
Enalapril,medication
Vasotec,medication
Ramipril,medication
Altace,medication
Benazepril,medication
Lotensin,medication
Quinapril,medication
Accupril,medication
Perindopril,medication
Aceon,medication
Trandolapril,medication
Mavik,medication
Fosinopril,medication
Monopril,medication
Captopril,medication
Capoten,medication
Valsartan,medication
Diovan,medication
Irbesartan,medication
Avapro,medication
Olmesartan,medication
Benicar,medication
Telmisartan,medication
Micardis,medication
Candesartan,medication
Atacand,medication
Eprosartan,medication
Teveten,medication
7-Keto DHEA 100mg,supplement
Diazepam 50mg,medication
Alpha-GPC 250mg,supplement
Lotensin 250mg,medication
SAMe 250mg,supplement
Perindopril 100mg,medication
Shiitake 25mg,supplement
Methylprednisolone 200mg,medication
DHA 200mg,supplement
Phenytoin 1000mg,medication
Iron 100mg,supplement
Montelukast 1000mg,medication
Iodine 200mg,supplement
Lexapro 500mg,medication
DGL 500mg,supplement
Valium 250mg,medication
Collagen 100mg,supplement
Paroxetine 50mg,medication
Monolaurin 50mg,supplement
Advil 1000mg,medication
Magnesium 250mg,supplement
Avapro 200mg,medication
MCT Oil 25mg,supplement
Desyrel 200mg,medication
Diosmin 25mg,supplement
Catapres 100mg,medication
Astragalus 1000mg,supplement
Lanoxin 100mg,medication
Turkey Tail 50mg,supplement
Zyprexa 250mg,medication
Ginseng 100mg,supplement
Lotensin 50mg,medication
Vitamin C 25mg,supplement
Mobic 250mg,medication
Black Currant Oil 1000mg,supplement
Lansoprazole 200mg,medication
Taurine 250mg,supplement
Cytomel 200mg,medication
Turmeric 25mg,supplement
Sertraline 200mg,medication
Acetyl-L-Carnitine 100mg,supplement
Lantus 250mg,medication
CoQ10 200mg,supplement
Aceon 100mg,medication
Undecylenic Acid 100mg,supplement
Celexa 500mg,medication
Oregano Oil 25mg,supplement
Medrol 500mg,medication
Astaxanthin 250mg,supplement
Monopril 50mg,medication
Lutein 100mg,supplement
Atacand 50mg,medication
Nettle Root 25mg,supplement
Fosinopril 500mg,medication
Chamomile 200mg,supplement
Calan 250mg,medication
Proline 1000mg,supplement
Diovan 1000mg,medication
Shiitake 100mg,supplement
Quinapril 200mg,medication
Chromium 200mg,supplement
Albuterol 25mg,medication
N-Acetyl Cysteine 1000mg,supplement
Neurontin 500mg,medication
Vinpocetine 500mg,supplement
Tapazole 50mg,medication
BCAAs 50mg,supplement
Quetiapine 25mg,medication
Cordyceps 50mg,supplement
Indomethacin 250mg,medication
Omega-3 50mg,supplement
Humalog 25mg,medication
Elderberry 1000mg,supplement
Avandia 100mg,medication
Papain 50mg,supplement
Prilosec 1000mg,medication
Serrapeptase 25mg,supplement
Rosiglitazone 50mg,medication
Pregnenolone 50mg,supplement
Eszopiclone 200mg,medication
Senna 25mg,supplement
Nexium 25mg,medication
Fenugreek 50mg,supplement
Trazodone 500mg,medication
Iodine 25mg,supplement
Elavil 1000mg,medication
Chamomile 500mg,supplement
Toradol 50mg,medication
Chamomile 200mg,supplement
Furosemide 250mg,medication
Pycnogenol 25mg,supplement
Atorvastatin 1000mg,medication
BCAAs 200mg,supplement
Pravachol 500mg,medication
Vinpocetine 200mg,supplement
Altace 50mg,medication
Lactobacillus 25mg,supplement
Nasonex 25mg,medication
Taurine 200mg,supplement
Mavik 50mg,medication
Vitamin D 250mg,supplement
Calan 100mg,medication
Cascara Sagrada 1000mg,supplement
Pamelor 50mg,medication
Kava 50mg,supplement
Alprazolam 100mg,medication
Lutein 50mg,supplement
Toradol 200mg,medication
Alpha Lipoic Acid 200mg,supplement
Paroxetine 50mg,medication
Turmeric 200mg,supplement
Captopril 100mg,medication
Senna 1000mg,supplement
Inspra 100mg,medication
Alpha-GPC 250mg,supplement
Zocor 250mg,medication
Aloe Vera 1000mg,supplement
Aleve 250mg,medication
Elderberry 500mg,supplement
Venlafaxine 100mg,medication
Valerian Root 50mg,supplement
Zanaflex 200mg,medication
Turmeric 50mg,supplement
Metformin 25mg,medication
N-Acetyl Cysteine 1000mg,supplement
HCTZ 50mg,medication
Lactobacillus 200mg,supplement
Desyrel 25mg,medication
Elderberry 1000mg,supplement
Atacand 1000mg,medication
Apple Cider Vinegar 200mg,supplement
Enalapril 25mg,medication
Inulin 500mg,supplement
Glucotrol 25mg,medication
Lycopene 100mg,supplement
Aldomet 250mg,medication
Lemon Balm 50mg,supplement
Famotidine 100mg,medication
Magnesium 100mg,supplement
Lantus 25mg,medication
Hawthorn 50mg,supplement
Glimepiride 100mg,medication
Lumbrokinase 50mg,supplement
Zoloft 200mg,medication
Psyllium 200mg,supplement
Enalapril 1000mg,medication
Chamomile 500mg,supplement
Celebrex 25mg,medication
Serrapeptase 250mg,supplement
Dapagliflozin 100mg,medication
Glutathione 500mg,supplement
Prevacid 250mg,medication
Diosmin 200mg,supplement
Coreg 500mg,medication
Histidine 200mg,supplement
Ambien 50mg,medication
Zeaxanthin 100mg,supplement
Lunesta 500mg,medication
Beta Sitosterol 200mg,supplement
Aceon 25mg,medication
Uva Ursi 100mg,supplement
Valium 1000mg,medication
Flaxseed Oil 200mg,supplement
Cymbalta 500mg,medication
Bacopa 100mg,supplement
Motrin 250mg,medication
Andrographis 1000mg,supplement
Novolog 1000mg,medication
Echinacea 50mg,supplement
Perindopril 100mg,medication
Chaga 100mg,supplement
Glipizide 50mg,medication
7-Keto DHEA 500mg,supplement
Pantoprazole 50mg,medication
Biotin 500mg,supplement
Effexor 100mg,medication
Fish Oil 100mg,supplement
Lunesta 100mg,medication
Lycopene 250mg,supplement
Ketorolac 500mg,medication
Glucosamine 250mg,supplement
Onglyza 50mg,medication
Vitamin B12 50mg,supplement
Risperidone 1000mg,medication
Vitamin A 500mg,supplement
Vicodin 25mg,medication
Molybdenum 200mg,supplement
Diabeta 500mg,medication
Magnesium 250mg,supplement
Inderal 50mg,medication
DHEA 50mg,supplement
Carafate 250mg,medication
Dandelion Root 500mg,supplement
Carafate 500mg,medication
Ashwagandha 1000mg,supplement
Teveten 100mg,medication
Goldenseal 50mg,supplement
Hydrocodone 250mg,medication
Cascara Sagrada 50mg,supplement
Spironolactone 25mg,medication
Choline 25mg,supplement
Atenolol 100mg,medication
BCAAs 25mg,supplement
Dapagliflozin 500mg,medication
Hesperidin 50mg,supplement
Lotensin 200mg,medication
Alpha-GPC 1000mg,supplement
Keppra 50mg,medication
Artichoke Extract 1000mg,supplement
Micardis 100mg,medication
Turkey Tail 200mg,supplement
Carafate 100mg,medication
Tryptophan 200mg,supplement
Dexlansoprazole 50mg,medication
Magnesium 50mg,supplement
Ambien 1000mg,medication
Copper 100mg,supplement
Altace 250mg,medication
Rutin 500mg,supplement
Perindopril 100mg,medication
Cinnamon 500mg,supplement
Valproic Acid 50mg,medication
Lion's Mane 250mg,supplement
Lopressor 100mg,medication
Maca 100mg,supplement
Ambien 100mg,medication
EGCG 100mg,supplement
Pioglitazone 200mg,medication
Iron 1000mg,supplement
Glucotrol 200mg,medication
Zeaxanthin 200mg,supplement
Metformin 1000mg,medication
Beta-Alanine 1000mg,supplement
ProAir 200mg,medication
Moringa 1000mg,supplement
Keppra 1000mg,medication
7-Keto DHEA 500mg,supplement
Indocin 25mg,medication
Panax Ginseng 50mg,supplement
Losartan 200mg,medication
Glutamine 50mg,supplement
HCTZ 100mg,medication
Pycnogenol 200mg,supplement
Avandia 250mg,medication
Glutamine 25mg,supplement
Duloxetine 500mg,medication
Pygeum 500mg,supplement
Toujeo 500mg,medication
FOS 200mg,supplement
Zebeta 200mg,medication
Moringa 500mg,supplement
Novolog 100mg,medication
Astaxanthin 25mg,supplement
Tapazole 200mg,medication
Bacopa 50mg,supplement
Asacol 50mg,medication
Lactobacillus 100mg,supplement
Motrin 100mg,medication
L-DOPA 500mg,supplement
Risperidone 250mg,medication
Pygeum 100mg,supplement
Topamax 25mg,medication
Lemon Balm 100mg,supplement
ProAir 1000mg,medication
Cordyceps 25mg,supplement
Loniten 25mg,medication
Astaxanthin 500mg,supplement
Celecoxib 1000mg,medication
5-HTP 50mg,supplement
Irbesartan 1000mg,medication
Glucosamine 100mg,supplement
Duragesic 25mg,medication
DHEA 200mg,supplement
Diclofenac 50mg,medication
Zeaxanthin 100mg,supplement
Catapres 100mg,medication
Valerian Root 500mg,supplement
Claritin 200mg,medication
5-HTP 250mg,supplement
Indocin 250mg,medication
Centella 200mg,supplement
Meloxicam 50mg,medication
Turmeric 100mg,supplement
Carbamazepine 500mg,medication
Fenugreek 250mg,supplement
Sucralfate 200mg,medication
Taurine 50mg,supplement
Lopressor 50mg,medication
Turmeric 250mg,supplement
Saxagliptin 250mg,medication
Rutin 500mg,supplement
Famotidine 250mg,medication
Horse Chestnut 200mg,supplement
Eprosartan 1000mg,medication
Vitamin E 250mg,supplement
Micardis 50mg,medication
Bifidobacterium 200mg,supplement
Prednisone 100mg,medication
Bacopa 50mg,supplement
Mobic 500mg,medication
Vitamin B6 500mg,supplement
Candesartan 200mg,medication
Quercetin 100mg,supplement
Hydrochlorothiazide 25mg,medication
NAC 200mg,supplement
Bisoprolol 50mg,medication
L-Citrulline 25mg,supplement
Lorazepam 1000mg,medication
Centella 25mg,supplement
Prednisone 250mg,medication
DHEA 1000mg,supplement
Clonazepam 1000mg,medication
DGL 200mg,supplement
Prevacid 250mg,medication
Reishi 250mg,supplement
Cymbalta 1000mg,medication
Vitamin E 200mg,supplement
Abilify 500mg,medication
Fish Oil 1000mg,supplement
Tradjenta 25mg,medication
Curcumin 200mg,supplement
Glucotrol 500mg,medication
Hawthorn 50mg,supplement
Phenytoin 250mg,medication
Chamomile 250mg,supplement
Risperdal 25mg,medication
Collagen 50mg,supplement
Benicar 500mg,medication
Goldenseal 250mg,supplement
Verapamil 50mg,medication
Glutamine 250mg,supplement
Metformin 25mg,medication
Huperzine A 500mg,supplement
Morphine 50mg,medication
Pycnogenol 50mg,supplement
Remeron 1000mg,medication
Apple Cider Vinegar 500mg,supplement
Seroquel 100mg,medication
Fish Oil 200mg,supplement
Tapazole 50mg,medication
Vitamin B12 200mg,supplement
Esomeprazole 100mg,medication
Olive Leaf Extract 200mg,supplement
Zebeta 1000mg,medication
Beta-Alanine 50mg,supplement
Minoxidil 25mg,medication
Bitter Melon 250mg,supplement
Tradjenta 1000mg,medication
Rhodiola 25mg,supplement
Labetalol 500mg,medication
MSM 25mg,supplement
Deltasone 25mg,medication
Tribulus 100mg,supplement
Onglyza 1000mg,medication
Chondroitin 25mg,supplement
OxyContin 500mg,medication
Molybdenum 50mg,supplement
Montelukast 50mg,medication
Nattokinase 200mg,supplement
Nesina 500mg,medication
L-DOPA 50mg,supplement
Toprol 200mg,medication
Glutathione 250mg,supplement
Cymbalta 25mg,medication
L-DOPA 50mg,supplement
Eprosartan 100mg,medication
Phosphatidylcholine 50mg,supplement
Ramipril 500mg,medication
Chondroitin 50mg,supplement
Xanax 50mg,medication
Psyllium 250mg,supplement
Baclofen 200mg,medication
Undecylenic Acid 100mg,supplement
Saxagliptin 1000mg,medication
7-Keto DHEA 50mg,supplement
Aspirin 100mg,medication
N-Acetyl Cysteine 200mg,supplement
Digoxin 50mg,medication
Betaine 500mg,supplement
Allegra 50mg,medication
Gelatin 100mg,supplement
Benazepril 100mg,medication
Turmeric 250mg,supplement
Albuterol 500mg,medication
Tribulus 200mg,supplement
Allegra 50mg,medication
Vitamin B12 200mg,supplement
Tylenol 200mg,medication
Saw Palmetto 100mg,supplement
Mometasone 250mg,medication
Inositol 25mg,supplement
Avandia 500mg,medication
Moringa 25mg,supplement
Trazodone 250mg,medication
Phosphatidylserine 100mg,supplement
PTU 50mg,medication
Zinc 50mg,supplement
Benicar 250mg,medication
Passionflower 100mg,supplement
Zocor 25mg,medication
Olive Leaf 250mg,supplement
Dapagliflozin 25mg,medication
Chondroitin 1000mg,supplement
Remeron 100mg,medication
Diosmin 50mg,supplement
Ibuprofen 25mg,medication
Probiotics 200mg,supplement
Medrol 50mg,medication
Cayenne 500mg,supplement
Diazepam 50mg,medication
Triphala 25mg,supplement
Tradjenta 500mg,medication
Black Currant Oil 25mg,supplement
Claritin 25mg,medication
Bromelain 500mg,supplement
Depakote 25mg,medication
Manganese 50mg,supplement
Fluticasone 25mg,medication
Horse Chestnut 1000mg,supplement
Asacol 50mg,medication
Choline 500mg,supplement
Mobic 25mg,medication
Caprylic Acid 50mg,supplement
Remeron 100mg,medication
Vitamin K 25mg,supplement
Fosinopril 500mg,medication
N-Acetyl Cysteine 250mg,supplement
Lamictal 250mg,medication
Glutamine 200mg,supplement
Levemir 250mg,medication
GABA 100mg,supplement
Depakote 500mg,medication
Copper 200mg,supplement
Diphenhydramine 250mg,medication
Collagen 25mg,supplement
Eskalith 1000mg,medication
Chicory Root 500mg,supplement
Apresoline 50mg,medication
Caprylic Acid 50mg,supplement
Trazodone 200mg,medication
Phosphatidylserine 200mg,supplement
Rosuvastatin 250mg,medication
Pine Bark Extract 50mg,supplement
Lunesta 500mg,medication
Ashwagandha 1000mg,supplement
Tresiba 200mg,medication
Bilberry 500mg,supplement
Ultram 200mg,medication
Vitamin A 100mg,supplement
Keppra 100mg,medication
PQQ 200mg,supplement
Eskalith 25mg,medication
Black Currant Oil 200mg,supplement
Paroxetine 250mg,medication
Fish Oil 1000mg,supplement
Pantoprazole 50mg,medication
Astaxanthin 250mg,supplement
Mesalamine 250mg,medication
Gelatin 50mg,supplement
Zolpidem 250mg,medication
Milk Thistle 200mg,supplement
Metformin 250mg,medication
Moringa 50mg,supplement
Nesina 200mg,medication
Betaine 50mg,supplement
Avapro 50mg,medication
Ashwagandha 200mg,supplement
Wellbutrin 100mg,medication
Olive Leaf Extract 100mg,supplement
Ativan 200mg,medication
Acetyl-L-Carnitine 25mg,supplement
Topiramate 500mg,medication
Iron 1000mg,supplement
Morphine 100mg,medication
5-HTP 50mg,supplement
Gabapentin 250mg,medication
Lumbrokinase 200mg,supplement
Aldactone 25mg,medication
Piperine 25mg,supplement
Lansoprazole 100mg,medication
Coconut Oil 500mg,supplement
Keppra 50mg,medication
Zinc 50mg,supplement
Risperidone 50mg,medication
Histidine 500mg,supplement
Tizanidine 1000mg,medication
Vitamin B6 100mg,supplement
Carvedilol 100mg,medication
GABA 1000mg,supplement
Tresiba 1000mg,medication
Histidine 200mg,supplement
Methylprednisolone 250mg,medication
Krill Oil 500mg,supplement
Carafate 25mg,medication
Glutamine 25mg,supplement
Aspirin 100mg,medication
Magnesium 200mg,supplement
Trazodone 50mg,medication
DGL 200mg,supplement
Monopril 25mg,medication
Passionflower 1000mg,supplement
Topiramate 500mg,medication
Pine Bark Extract 50mg,supplement
Prozac 50mg,medication
Phosphatidylserine 100mg,supplement
Meloxicam 250mg,medication
Alpha-GPC 500mg,supplement
Hydralazine 500mg,medication
Magnesium 200mg,supplement
Toprol 25mg,medication
Histidine 25mg,supplement
Glipizide 250mg,medication
Curcumin 100mg,supplement
Fexofenadine 1000mg,medication
Bromelain 250mg,supplement
Hydrochlorothiazide 25mg,medication
Vitamin C 1000mg,supplement
Lunesta 50mg,medication
Betaine 200mg,supplement
Naprosyn 250mg,medication
Cat's Claw 100mg,supplement
Tenormin 200mg,medication
DHEA 100mg,supplement
Altace 100mg,medication
Marshmallow Root 250mg,supplement
Risperdal 25mg,medication
Oregano Oil 500mg,supplement
Topamax 1000mg,medication
Lion's Mane 100mg,supplement
ProAir 100mg,medication
Vitamin E 200mg,supplement
Atacand 50mg,medication
Folic Acid 250mg,supplement
Desyrel 250mg,medication
Coconut Oil 200mg,supplement
Xanax 1000mg,medication
Fish Oil 50mg,supplement
Zanaflex 100mg,medication
Glucosamine 1000mg,supplement
Januvia 50mg,medication
Pycnogenol 1000mg,supplement
OxyContin 500mg,medication
Sulbutiamine 1000mg,supplement
Cymbalta 250mg,medication
Beta-Alanine 500mg,supplement
Methimazole 100mg,medication
Phosphatidylcholine 200mg,supplement
Bisoprolol 100mg,medication
Phosphatidylcholine 1000mg,supplement
Fosinopril 200mg,medication
7-Keto DHEA 500mg,supplement
Advil 50mg,medication
Milk Thistle 25mg,supplement
Metoprolol 500mg,medication
Selenium 1000mg,supplement
Invokana 250mg,medication
Cascara Sagrada 25mg,supplement
Amlodipine 500mg,medication
Tryptophan 500mg,supplement
Diazepam 500mg,medication
Vitamin E 50mg,supplement
Deltasone 25mg,medication
Digestive Enzymes 25mg,supplement
Vicodin 250mg,medication
Maitake 500mg,supplement
Monopril 250mg,medication
Tryptophan 25mg,supplement
Amitriptyline 500mg,medication
Nicotinamide Riboside 200mg,supplement
Sucralfate 500mg,medication
Monolaurin 50mg,supplement
Fluticasone 50mg,medication
Lactobacillus 250mg,supplement
Amlodipine 250mg,medication
Dandelion Root 1000mg,supplement
Valium 25mg,medication
Piperine 1000mg,supplement
Minoxidil 100mg,medication
Krill Oil 1000mg,supplement
Celexa 200mg,medication
Glucosamine 250mg,supplement
Prinivil 100mg,medication
Panax Ginseng 500mg,supplement
Duloxetine 250mg,medication
Cayenne 500mg,supplement
Sertraline 200mg,medication
Artichoke Extract 1000mg,supplement
Valsartan 100mg,medication
Ashwagandha 500mg,supplement
Empagliflozin 200mg,medication
Echinacea 200mg,supplement
Zyrtec 250mg,medication
Phenylalanine 25mg,supplement
Metformin 100mg,medication
Ginkgo Biloba 1000mg,supplement
Clonidine 1000mg,medication
Flaxseed Oil 500mg,supplement
Levothyroxine 500mg,medication
Inulin 250mg,supplement
Aceon 25mg,medication
Sambucus 200mg,supplement
Capoten 100mg,medication
Copper 1000mg,supplement
Dapagliflozin 25mg,medication
Huperzine A 50mg,supplement
Nortriptyline 1000mg,medication
Hyaluronic Acid 1000mg,supplement
Duloxetine 25mg,medication
Proline 25mg,supplement
Valium 1000mg,medication
Biotin 100mg,supplement
Allegra 50mg,medication
CLA 50mg,supplement
Prevacid 1000mg,medication
Spirulina 50mg,supplement
Telmisartan 25mg,medication
Hawthorn 100mg,supplement
Elavil 1000mg,medication
Taurine 500mg,supplement
Aleve 25mg,medication
Collagen 50mg,supplement
Capoten 500mg,medication
Saw Palmetto 1000mg,supplement
Desyrel 250mg,medication
Phosphatidylcholine 25mg,supplement
Perindopril 250mg,medication
Hyaluronic Acid 1000mg,supplement
Mobic 25mg,medication
Rutin 500mg,supplement
Warfarin 100mg,medication
Krill Oil 200mg,supplement
Acetaminophen 25mg,medication
N-Acetyl Cysteine 200mg,supplement
Diphenhydramine 50mg,medication
Chondroitin 1000mg,supplement
Wellbutrin 50mg,medication
Chaga 200mg,supplement
Methyldopa 200mg,medication
Cordyceps 1000mg,supplement
Decadron 200mg,medication
BCAAs 1000mg,supplement
Nesina 200mg,medication
Vitamin D 25mg,supplement
Flonase 1000mg,medication
Echinacea 25mg,supplement
Pravastatin 25mg,medication
Piperine 100mg,supplement
Alprazolam 250mg,medication
Cayenne 500mg,supplement
Paxil 500mg,medication
Panax Ginseng 200mg,supplement
Atenolol 250mg,medication
Andrographis 50mg,supplement
Dexilant 500mg,medication
Moringa 1000mg,supplement
Hydrocortisone 500mg,medication
Vitamin B6 250mg,supplement
Naproxen 500mg,medication
Phosphatidylserine 500mg,supplement
Indocin 25mg,medication
Marshmallow Root 1000mg,supplement
Celexa 50mg,medication
Zinc Carnosine 250mg,supplement
Esomeprazole 250mg,medication
Undecylenic Acid 50mg,supplement
Fosinopril 25mg,medication
Histidine 50mg,supplement
Methyldopa 500mg,medication
Dandelion Root 500mg,supplement
Calan 100mg,medication
Serrapeptase 500mg,supplement
Tradjenta 100mg,medication
Glucosamine 50mg,supplement
Micardis 500mg,medication
Acetyl-L-Carnitine 50mg,supplement
Minoxidil 25mg,medication
Chicory Root 500mg,supplement
Olmesartan 50mg,medication
Green Tea Extract 200mg,supplement
Zolpidem 25mg,medication
Magnesium 200mg,supplement
Coreg 1000mg,medication
Oregano Oil 1000mg,supplement
Advil 1000mg,medication
Garlic 200mg,supplement
Zyrtec 25mg,medication
5-HTP 1000mg,supplement
Decadron 100mg,medication
Senna 500mg,supplement
Atorvastatin 25mg,medication
Calcium 1000mg,supplement
Sitagliptin 500mg,medication
Phosphatidylserine 100mg,supplement
Claritin 100mg,medication
Turkey Tail 500mg,supplement
Micardis 1000mg,medication
Undecylenic Acid 250mg,supplement
Zolpidem 25mg,medication
Valerian Root 500mg,supplement
Zyrtec 1000mg,medication
N-Acetyl Cysteine 50mg,supplement
Escitalopram 250mg,medication
Lutein 500mg,supplement
Mometasone 50mg,medication
5-HTP 250mg,supplement
Verapamil 200mg,medication
Rhodiola 50mg,supplement
Phenytoin 1000mg,medication
Ginkgo Biloba 200mg,supplement
Ambien 500mg,medication
Sulbutiamine 250mg,supplement
Warfarin 100mg,medication
Potassium 100mg,supplement
Fexofenadine 25mg,medication
EPA 1000mg,supplement
Diabeta 25mg,medication
Mucuna Pruriens 1000mg,supplement
Xanax 50mg,medication
Triphala 500mg,supplement
Enalapril 200mg,medication
Molybdenum 500mg,supplement
Diltiazem 50mg,medication
Curcumin 250mg,supplement
Advil 1000mg,medication
Papain 100mg,supplement
Aspirin 200mg,medication
Selenium 25mg,supplement
Olmesartan 200mg,medication
Fenugreek 100mg,supplement
Teveten 200mg,medication
Olive Leaf 500mg,supplement
Rosuvastatin 50mg,medication
Chaga 200mg,supplement
Crestor 500mg,medication
Selenium 500mg,supplement
Amlodipine 250mg,medication
Serrapeptase 250mg,supplement
Propylthiouracil 1000mg,medication
Oregano Oil 25mg,supplement
Bisoprolol 1000mg,medication
Copper 50mg,supplement
Amitriptyline 25mg,medication
Valerian Root 1000mg,supplement
Propranolol 50mg,medication
Diosmin 50mg,supplement
Codeine 25mg,medication
D-Mannose 1000mg,supplement
Mobic 100mg,medication
Creatine 500mg,supplement
Mesalamine 200mg,medication
Huperzine A 500mg,supplement
Diltiazem 1000mg,medication
Phosphatidylserine 500mg,supplement
Invokana 250mg,medication
MCT Oil 25mg,supplement
Cyclobenzaprine 50mg,medication
Pregnenolone 100mg,supplement
Duloxetine 100mg,medication
Horse Chestnut 200mg,supplement
Benazepril 50mg,medication
Black Currant Oil 50mg,supplement
Januvia 200mg,medication
NMN 250mg,supplement
Venlafaxine 1000mg,medication
St. John's Wort 50mg,supplement
Lamictal 25mg,medication
CoQ10 500mg,supplement
Decadron 250mg,medication
Folate 500mg,supplement
Asacol 50mg,medication
Lysine 500mg,supplement
Naprosyn 500mg,medication
Lumbrokinase 25mg,supplement
Fexofenadine 100mg,medication
5-HTP 25mg,supplement
Propylthiouracil 250mg,medication
Pregnenolone 250mg,supplement
Digoxin 250mg,medication
Lemon Balm 100mg,supplement
Acetaminophen 100mg,medication
Vitamin D3 100mg,supplement
Levetiracetam 1000mg,medication
Borage Oil 200mg,supplement
Glucophage 250mg,medication
Dandelion Root 1000mg,supplement
Mirtazapine 250mg,medication
Oregano Oil 100mg,supplement
Methylprednisolone 200mg,medication
Huperzine A 50mg,supplement
PTU 250mg,medication
Coconut Oil 1000mg,supplement
Alogliptin 1000mg,medication
Pine Bark Extract 500mg,supplement
Metoprolol 100mg,medication
Digestive Enzymes 200mg,supplement
Vicodin 100mg,medication
Dandelion Root 250mg,supplement
Omeprazole 25mg,medication
Krill Oil 50mg,supplement
Olmesartan 200mg,medication
Choline 1000mg,supplement
Actos 1000mg,medication
Ginseng 50mg,supplement
Wellbutrin 500mg,medication
Black Currant Oil 250mg,supplement
Eszopiclone 1000mg,medication
Borage Oil 1000mg,supplement
Ultram 250mg,medication
Pumpkin Seed 250mg,supplement
Fexofenadine 50mg,medication
Molybdenum 250mg,supplement
Zolpidem 500mg,medication
Cayenne 25mg,supplement
Risperidone 100mg,medication
Folate 200mg,supplement
Vicodin 1000mg,medication
Manganese 250mg,supplement
Topamax 100mg,medication
Iron 250mg,supplement
Indomethacin 50mg,medication
Inositol 100mg,supplement
Tresiba 100mg,medication
Panax Ginseng 50mg,supplement
Celebrex 100mg,medication
GABA 25mg,supplement
Prednisone 100mg,medication
Cranberry 100mg,supplement
Enalapril 50mg,medication
Huperzine A 50mg,supplement
Topiramate 50mg,medication
Inositol 1000mg,supplement
Trandolapril 500mg,medication
Elderberry 1000mg,supplement
Zanaflex 250mg,medication
Probiotics 500mg,supplement
Asacol 200mg,medication
Echinacea 50mg,supplement
Singulair 250mg,medication
Undecylenic Acid 200mg,supplement
Quetiapine 250mg,medication
CoQ10 200mg,supplement
Telmisartan 50mg,medication
Biotin 50mg,supplement
Novolog 200mg,medication
Elderberry 25mg,supplement
Codeine 500mg,medication
Digestive Enzymes 50mg,supplement
Citalopram 500mg,medication
MSM 100mg,supplement
Valsartan 100mg,medication
Choline 25mg,supplement
Calan 250mg,medication
Digestive Enzymes 50mg,supplement
Synthroid 1000mg,medication
Undecylenic Acid 50mg,supplement
Prevacid 25mg,medication
Iron 25mg,supplement
Insulin 500mg,medication
Lumbrokinase 50mg,supplement
Gabapentin 50mg,medication
Melatonin 500mg,supplement
Azulfidine 500mg,medication
Probiotics 25mg,supplement
Prevacid 50mg,medication
Bitter Melon 500mg,supplement
Perindopril 1000mg,medication
Lemon Balm 200mg,supplement
Nortriptyline 500mg,medication
Chromium 25mg,supplement
Novolog 100mg,medication
SAMe 100mg,supplement
Tradjenta 25mg,medication
Iodine 500mg,supplement
Diazepam 500mg,medication
Alpha-GPC 200mg,supplement
Baclofen 500mg,medication
Undecylenic Acid 25mg,supplement
Rosuvastatin 200mg,medication
Sambucus 50mg,supplement
Micardis 100mg,medication
Folic Acid 25mg,supplement
Lialda 500mg,medication
Chondroitin 500mg,supplement
Tegretol 25mg,medication
Lactobacillus 25mg,supplement
Fexofenadine 100mg,medication
Fish Oil 250mg,supplement
Ultram 25mg,medication
NR 1000mg,supplement
Losartan 100mg,medication
Bromelain 200mg,supplement
Microzide 50mg,medication
Borage Oil 100mg,supplement
Diabeta 1000mg,medication
Chamomile 1000mg,supplement
Topiramate 200mg,medication
Creatine 500mg,supplement
Tylenol 25mg,medication
Coenzyme Q10 100mg,supplement
Paxil 200mg,medication
Olive Leaf Extract 200mg,supplement
Lasix 250mg,medication
Cranberry 50mg,supplement
Invokana 100mg,medication
Glycine 100mg,supplement
Diclofenac 200mg,medication
Vitamin B6 50mg,supplement
Metoprolol 100mg,medication
Astaxanthin 25mg,supplement
Metoprolol 250mg,medication
Pycnogenol 200mg,supplement
Azulfidine 1000mg,medication
Coconut Oil 250mg,supplement
Norco 200mg,medication
L-Glutamine 200mg,supplement
Digoxin 100mg,medication
DHEA 250mg,supplement
Fluoxetine 50mg,medication
Evening Primrose Oil 250mg,supplement
Risperidone 25mg,medication
L-Arginine 500mg,supplement
Benazepril 200mg,medication
Cordyceps 50mg,supplement
Venlafaxine 500mg,medication
Iodine 100mg,supplement
Ventolin 50mg,medication
Probiotics 250mg,supplement
Esomeprazole 1000mg,medication
Folate 500mg,supplement
Cyclobenzaprine 250mg,medication
NAC 100mg,supplement
Depakote 250mg,medication
Valerian Root 25mg,supplement
ProAir 250mg,medication
Manganese 25mg,supplement
Motrin 50mg,medication
Uva Ursi 100mg,supplement
Zyprexa 25mg,medication
Papain 50mg,supplement
Metformin 25mg,medication
Apple Cider Vinegar 100mg,supplement
Meloxicam 200mg,medication
Gymnema 200mg,supplement
Trazodone 25mg,medication
Aloe Vera 100mg,supplement
Propylthiouracil 1000mg,medication
Borage Oil 25mg,supplement
Dexamethasone 200mg,medication
Iodine 25mg,supplement
Furosemide 1000mg,medication
NAC 1000mg,supplement
Tegretol 100mg,medication
Astaxanthin 50mg,supplement
Glucotrol 500mg,medication
Tribulus 100mg,supplement
Lansoprazole 1000mg,medication
Prebiotics 25mg,supplement
Zyprexa 250mg,medication
Hesperidin 500mg,supplement
Lithium 100mg,medication
Green Tea Extract 1000mg,supplement
PTU 50mg,medication
Vitamin C 100mg,supplement
Ketorolac 50mg,medication
Creatine 250mg,supplement
Metformin 25mg,medication
FOS 100mg,supplement
Humalog 1000mg,medication
Zeaxanthin 200mg,supplement
Topiramate 500mg,medication
Coconut Oil 25mg,supplement
Eszopiclone 200mg,medication
Barley Grass 500mg,supplement
Fentanyl 1000mg,medication
Acetyl-L-Carnitine 200mg,supplement
Lorazepam 500mg,medication
Omega-3 200mg,supplement
Dexilant 25mg,medication
Glutamine 50mg,supplement
Mobic 250mg,medication
CoQ10 1000mg,supplement
Singulair 200mg,medication
Lumbrokinase 100mg,supplement
Pamelor 250mg,medication
Pygeum 1000mg,supplement
Zyrtec 1000mg,medication
Calcium 1000mg,supplement
Prevacid 500mg,medication
Zeaxanthin 250mg,supplement
Ambien 25mg,medication
Nicotinamide Riboside 25mg,supplement
Dexilant 25mg,medication
Panax Ginseng 100mg,supplement
Toradol 500mg,medication
Chaga 500mg,supplement
Olanzapine 100mg,medication
CDP-Choline 100mg,supplement
Bisoprolol 500mg,medication
Melatonin 500mg,supplement
Synthroid 250mg,medication
Slippery Elm 200mg,supplement
Carafate 250mg,medication
7-Keto DHEA 25mg,supplement
Loratadine 200mg,medication
Inulin 50mg,supplement
Lamotrigine 250mg,medication
Wheatgrass 25mg,supplement
Fosinopril 200mg,medication
L-Citrulline 250mg,supplement
Baclofen 1000mg,medication
Histidine 25mg,supplement
Perindopril 25mg,medication
Fish Oil 25mg,supplement
Losartan 500mg,medication
Astragalus 500mg,supplement
Quinapril 25mg,medication
Molybdenum 1000mg,supplement
Aripiprazole 100mg,medication
Lycopene 200mg,supplement
Lamotrigine 25mg,medication
Cayenne 200mg,supplement
Diphenhydramine 500mg,medication
N-Acetyl Cysteine 200mg,supplement
Bisoprolol 500mg,medication
Grape Seed Extract 200mg,supplement
Ibuprofen 1000mg,medication
Pumpkin Seed 250mg,supplement
Rosiglitazone 100mg,medication
L-Citrulline 500mg,supplement
Liothyronine 1000mg,medication
Black Currant Oil 250mg,supplement
Medrol 200mg,medication
Hesperidin 100mg,supplement
Pravastatin 500mg,medication
Evening Primrose Oil 1000mg,supplement
Lamotrigine 200mg,medication
Fish Oil 250mg,supplement
Empagliflozin 50mg,medication
Undecylenic Acid 25mg,supplement
Toprol 50mg,medication
Pine Bark Extract 500mg,supplement
Remeron 200mg,medication
NMN 500mg,supplement
Avapro 500mg,medication
Phosphatidylserine 1000mg,supplement
Mavik 25mg,medication
Beta Sitosterol 500mg,supplement
Nasonex 50mg,medication
Green Tea Extract 200mg,supplement
Venlafaxine 50mg,medication
Coconut Oil 50mg,supplement
Loratadine 50mg,medication
Prebiotics 200mg,supplement
Propranolol 100mg,medication
Papain 50mg,supplement
Zebeta 100mg,medication
Astragalus 50mg,supplement
Spironolactone 1000mg,medication
Bilberry 50mg,supplement
Diphenhydramine 100mg,medication
Folic Acid 25mg,supplement
Ibuprofen 200mg,medication
Ashwagandha 25mg,supplement
Cymbalta 200mg,medication
Glucosamine 1000mg,supplement
Linagliptin 200mg,medication
Goldenseal 100mg,supplement
Flexeril 100mg,medication
Chamomile 200mg,supplement
Eplerenone 100mg,medication
Lactobacillus 50mg,supplement
Omeprazole 25mg,medication
Tyrosine 200mg,supplement
Prinivil 25mg,medication
NAC 100mg,supplement
Avapro 50mg,medication
Senna 500mg,supplement
Ramipril 200mg,medication
Pregnenolone 1000mg,supplement
Nesina 250mg,medication
Cayenne 100mg,supplement
Methimazole 1000mg,medication
Triphala 25mg,supplement
Propranolol 500mg,medication
Caprylic Acid 100mg,supplement
Phenytoin 25mg,medication
Olive Leaf Extract 25mg,supplement
Novolog 1000mg,medication
Vitamin A 1000mg,supplement
Mobic 25mg,medication
Vitamin K 500mg,supplement
Atacand 25mg,medication
GABA 200mg,supplement
Effexor 100mg,medication
Bitter Melon 200mg,supplement
Diabeta 50mg,medication
Olive Leaf 1000mg,supplement
Fluoxetine 1000mg,medication
Zinc Carnosine 500mg,supplement
Indomethacin 250mg,medication
Cayenne 25mg,supplement
Desyrel 250mg,medication
PQQ 100mg,supplement
Methimazole 1000mg,medication
Zinc Carnosine 1000mg,supplement
Omeprazole 100mg,medication
Prebiotics 200mg,supplement
Dilantin 50mg,medication
Phosphatidylserine 250mg,supplement
Dapagliflozin 25mg,medication
Piperine 25mg,supplement
Lisinopril 200mg,medication
Vitamin C 50mg,supplement
Mirtazapine 100mg,medication
Vitamin A 250mg,supplement
Cozaar 1000mg,medication
Monolaurin 250mg,supplement
Protonix 25mg,medication
L-Citrulline 200mg,supplement
HCTZ 500mg,medication
Nettle Root 500mg,supplement
Cetirizine 500mg,medication
Manganese 100mg,supplement
Glucophage 1000mg,medication
Uva Ursi 250mg,supplement
Voltaren 1000mg,medication
Ginseng 1000mg,supplement
Dexilant 50mg,medication
Green Tea Extract 500mg,supplement
Dexilant 50mg,medication
Lumbrokinase 250mg,supplement
Tylenol 250mg,medication
Papain 100mg,supplement
Methyldopa 250mg,medication
Bromelain 50mg,supplement
Fentanyl 50mg,medication
Inositol 500mg,supplement
Omeprazole 1000mg,medication
Marshmallow Root 25mg,supplement
Prevacid 50mg,medication
Vitamin D 250mg,supplement
Indomethacin 50mg,medication
Beta-Alanine 500mg,supplement
Cozaar 1000mg,medication
Quercetin 200mg,supplement
Pravastatin 1000mg,medication
Acetyl-L-Carnitine 100mg,supplement
Klonopin 25mg,medication
Chicory Root 200mg,supplement
Diovan 100mg,medication
Rhodiola 100mg,supplement
Prevacid 500mg,medication
Spirulina 25mg,supplement
Metoprolol 1000mg,medication
Borage Oil 100mg,supplement
Lorazepam 1000mg,medication
Gymnema 500mg,supplement
Digoxin 1000mg,medication
Sulbutiamine 500mg,supplement
Benicar 50mg,medication
Chromium 250mg,supplement
Risperidone 500mg,medication
Vitamin C 100mg,supplement
Rosuvastatin 1000mg,medication
Betaine 100mg,supplement
Depakote 25mg,medication
Zeaxanthin 100mg,supplement
Toradol 1000mg,medication
Valerian Root 500mg,supplement
Pepcid 1000mg,medication
Lycopene 50mg,supplement
Seroquel 500mg,medication
Pygeum 25mg,supplement
Prevacid 500mg,medication
NR 500mg,supplement
Sulfasalazine 100mg,medication
Astaxanthin 200mg,supplement
Lithium 200mg,medication
Probiotics 100mg,supplement
Dexilant 500mg,medication
Cascara Sagrada 200mg,supplement
Decadron 500mg,medication
Hesperidin 25mg,supplement
Lasix 250mg,medication
Chamomile 1000mg,supplement
Fluticasone 250mg,medication
Uva Ursi 1000mg,supplement
Effexor 500mg,medication
Hawthorn 200mg,supplement
Loratadine 500mg,medication
Diosmin 50mg,supplement
Avapro 500mg,medication
Green Tea Extract 100mg,supplement
Fluoxetine 100mg,medication
Olive Leaf Extract 50mg,supplement
Zebeta 200mg,medication
Zinc Carnosine 100mg,supplement
Advil 250mg,medication
Lemon Balm 100mg,supplement
Seroquel 25mg,medication
Zinc Carnosine 25mg,supplement
Toprol 25mg,medication
5-HTP 1000mg,supplement
Aldomet 50mg,medication
Triphala 100mg,supplement
Naproxen 200mg,medication
Glutamine 100mg,supplement
Mobic 500mg,medication
Zeaxanthin 250mg,supplement
Montelukast 250mg,medication
Gelatin 250mg,supplement
Telmisartan 250mg,medication
Glycine 50mg,supplement
Citalopram 200mg,medication
BCAAs 100mg,supplement
Candesartan 1000mg,medication
Passionflower 1000mg,supplement
Esomeprazole 500mg,medication
Chlorella 200mg,supplement
Methyldopa 100mg,medication
Bifidobacterium 100mg,supplement
Labetalol 25mg,medication
Lumbrokinase 100mg,supplement
Sitagliptin 250mg,medication
Acetyl-L-Carnitine 500mg,supplement
Atorvastatin 500mg,medication
Tryptophan 50mg,supplement
Olmesartan 25mg,medication
Vitamin C 200mg,supplement
Candesartan 200mg,medication
Coenzyme Q10 50mg,supplement
Tresiba 25mg,medication
Lemon Balm 200mg,supplement
Aripiprazole 200mg,medication
Lactobacillus 50mg,supplement
Inderal 1000mg,medication
TMG 200mg,supplement
Saxagliptin 200mg,medication
Lutein 200mg,supplement
Esomeprazole 25mg,medication
Papain 25mg,supplement
Wellbutrin 25mg,medication
Hyaluronic Acid 250mg,supplement
Eprosartan 25mg,medication
Tryptophan 50mg,supplement
Codeine 250mg,medication
Vitamin K 25mg,supplement
Amitriptyline 100mg,medication
St. John's Wort 50mg,supplement
Digoxin 500mg,medication
Cat's Claw 25mg,supplement
Lioresal 50mg,medication
Grape Seed Extract 100mg,supplement
Omeprazole 100mg,medication
Ginseng 1000mg,supplement
Effexor 250mg,medication
Serrapeptase 100mg,supplement
Trandate 200mg,medication
Chaga 25mg,supplement
Celexa 50mg,medication
Vitamin B6 250mg,supplement
Lotensin 50mg,medication
PQQ 200mg,supplement
Capoten 500mg,medication
Green Tea Extract 1000mg,supplement
Coumadin 250mg,medication
Digestive Enzymes 25mg,supplement
Trandolapril 500mg,medication
Resveratrol 50mg,supplement
HCTZ 25mg,medication
Bilberry 500mg,supplement
Methyldopa 250mg,medication
Magnesium 1000mg,supplement
OxyContin 50mg,medication
Hyaluronic Acid 250mg,supplement
Flexeril 250mg,medication
Ginseng 500mg,supplement
Toujeo 500mg,medication
Glycine 250mg,supplement
Warfarin 250mg,medication
Undecylenic Acid 200mg,supplement
Zocor 1000mg,medication
NAC 1000mg,supplement
Hydrocodone 250mg,medication
Vitamin D 250mg,supplement
Zantac 1000mg,medication
Vitamin C 50mg,supplement
Naproxen 50mg,medication
Slippery Elm 200mg,supplement
Naproxen 25mg,medication
Tryptophan 250mg,supplement
Spironolactone 1000mg,medication
Pumpkin Seed 25mg,supplement
Sitagliptin 50mg,medication
Phosphatidylserine 200mg,supplement
Naproxen 50mg,medication
Resveratrol 500mg,supplement
Meloxicam 1000mg,medication
Undecylenic Acid 200mg,supplement
Fluoxetine 50mg,medication
Collagen 500mg,supplement
Mirtazapine 200mg,medication
Berberine 50mg,supplement
Propylthiouracil 1000mg,medication
Saw Palmetto 250mg,supplement
Monopril 250mg,medication
Alpha Lipoic Acid 25mg,supplement
Klonopin 250mg,medication
Sulbutiamine 1000mg,supplement
Celexa 250mg,medication
Lactobacillus 25mg,supplement
Trandolapril 250mg,medication
Spirulina 200mg,supplement
Deltasone 1000mg,medication
Papain 1000mg,supplement
Celexa 200mg,medication
L-Theanine 500mg,supplement
Tradjenta 25mg,medication
Inulin 100mg,supplement
Meloxicam 250mg,medication
Folate 500mg,supplement
Sucralfate 200mg,medication
Cordyceps 50mg,supplement
Sertraline 250mg,medication
Proline 500mg,supplement
Glipizide 100mg,medication
Lysine 25mg,supplement
Cymbalta 200mg,medication
Ashwagandha 25mg,supplement
Phenytoin 1000mg,medication
Gymnema 25mg,supplement
Cymbalta 100mg,medication
Maitake 100mg,supplement
Ramipril 100mg,medication
Oregano Oil 250mg,supplement
Minoxidil 100mg,medication
BCAAs 200mg,supplement
Simvastatin 500mg,medication
Berberine 250mg,supplement
Paroxetine 100mg,medication
Panax Ginseng 250mg,supplement
Vasotec 500mg,medication
Tryptophan 1000mg,supplement
Nasonex 100mg,medication
Iodine 200mg,supplement
Minoxidil 1000mg,medication
Phenylalanine 1000mg,supplement
Amitriptyline 100mg,medication
Glucosamine 1000mg,supplement
Hydrochlorothiazide 25mg,medication
Green Tea Extract 50mg,supplement
Phenytoin 200mg,medication
Horse Chestnut 200mg,supplement
Inspra 50mg,medication
Reishi 250mg,supplement
Effexor 25mg,medication
Bitter Melon 1000mg,supplement
Dexamethasone 200mg,medication
Digestive Enzymes 50mg,supplement
Fexofenadine 250mg,medication
Goldenseal 200mg,supplement
Candesartan 1000mg,medication
Vitamin B6 200mg,supplement
Prozac 50mg,medication
Alpha Lipoic Acid 25mg,supplement
Microzide 250mg,medication
Olive Leaf Extract 100mg,supplement
Gabapentin 100mg,medication
MSM 500mg,supplement
Fosinopril 200mg,medication
EGCG 1000mg,supplement
Sertraline 50mg,medication
Vitamin D 25mg,supplement
Furosemide 500mg,medication
Omega-3 100mg,supplement
Rosuvastatin 1000mg,medication
CoQ10 50mg,supplement
Zoloft 500mg,medication
Copper 250mg,supplement
Keppra 1000mg,medication
Gymnema 250mg,supplement
Celecoxib 50mg,medication
Acetyl-L-Carnitine 50mg,supplement
Lansoprazole 50mg,medication
Maitake 50mg,supplement
Depakote 250mg,medication
Bromelain 250mg,supplement
Celecoxib 1000mg,medication
NR 500mg,supplement
Ketorolac 100mg,medication
Senna 1000mg,supplement
Candesartan 50mg,medication
Folate 250mg,supplement
Valproic Acid 1000mg,medication
Turkey Tail 1000mg,supplement
Altace 25mg,medication
Hesperidin 1000mg,supplement
Klonopin 500mg,medication
Fenugreek 500mg,supplement
Claritin 500mg,medication
Sulbutiamine 200mg,supplement
Losartan 250mg,medication
CDP-Choline 250mg,supplement
Canagliflozin 25mg,medication
Chaga 500mg,supplement
Eplerenone 100mg,medication
Chlorella 1000mg,supplement
Fluoxetine 25mg,medication
Borage Oil 250mg,supplement
Indomethacin 1000mg,medication
Barley Grass 250mg,supplement
Jardiance 1000mg,medication
Milk Thistle 100mg,supplement
Eszopiclone 100mg,medication
Collagen 50mg,supplement
Amitriptyline 250mg,medication
Nettle Root 250mg,supplement
Wellbutrin 250mg,medication
CoQ10 500mg,supplement
Warfarin 1000mg,medication
MSM 50mg,supplement
Fentanyl 250mg,medication
Manganese 250mg,supplement
Vasotec 250mg,medication
L-DOPA 50mg,supplement
Risperdal 25mg,medication
Iron 100mg,supplement
Glucotrol 250mg,medication
Histidine 25mg,supplement
Trazodone 100mg,medication
Papain 500mg,supplement
Alogliptin 200mg,medication
Garlic 500mg,supplement
Minoxidil 250mg,medication
Potassium 500mg,supplement
Topamax 250mg,medication
Cascara Sagrada 500mg,supplement
Metoprolol 25mg,medication
Green Tea Extract 50mg,supplement
Codeine 500mg,medication
Taurine 25mg,supplement
Montelukast 50mg,medication
MSM 50mg,supplement
Montelukast 200mg,medication
Turmeric 250mg,supplement
Cytomel 100mg,medication
Quercetin 25mg,supplement
Hydrocortisone 25mg,medication
Potassium 50mg,supplement
Cetirizine 50mg,medication
Diosmin 50mg,supplement
Sertraline 500mg,medication
Vitamin B12 50mg,supplement
Minoxidil 50mg,medication
Melatonin 50mg,supplement
Zantac 1000mg,medication
Lion's Mane 500mg,supplement
Warfarin 100mg,medication
Prebiotics 100mg,supplement
Rosiglitazone 50mg,medication
Manganese 1000mg,supplement
Meloxicam 250mg,medication
Sambucus 500mg,supplement
Simvastatin 250mg,medication
Grape Seed Extract 200mg,supplement
Humalog 200mg,medication
Echinacea 100mg,supplement
Avapro 200mg,medication
Slippery Elm 200mg,supplement
Bisoprolol 100mg,medication
Rhodiola 50mg,supplement
Ativan 500mg,medication
Grape Seed Extract 250mg,supplement
Citalopram 100mg,medication
Olive Leaf 50mg,supplement
Rosiglitazone 1000mg,medication
Uva Ursi 500mg,supplement
Protonix 100mg,medication
SAMe 200mg,supplement
Eplerenone 50mg,medication
Chondroitin 250mg,supplement
Perindopril 25mg,medication
Caprylic Acid 50mg,supplement
Zyban 100mg,medication
Moringa 500mg,supplement
Lipitor 250mg,medication
Curcumin 250mg,supplement
Novolog 50mg,medication
Vitamin B12 200mg,supplement
Seroquel 500mg,medication
ALCAR 50mg,supplement
Celebrex 250mg,medication
Turmeric 250mg,supplement
Zyprexa 50mg,medication
Cordyceps 1000mg,supplement
Telmisartan 1000mg,medication
Barley Grass 1000mg,supplement
Remeron 100mg,medication
Chlorella 250mg,supplement
Zoloft 250mg,medication
Glycine 250mg,supplement
Calan 200mg,medication
Quercetin 25mg,supplement
Topamax 1000mg,medication
Bifidobacterium 500mg,supplement
Diltiazem 1000mg,medication
Sulbutiamine 250mg,supplement
Capoten 250mg,medication
Maca 25mg,supplement
Paroxetine 100mg,medication
Molybdenum 500mg,supplement
Montelukast 25mg,medication
Omega-3 500mg,supplement
Tylenol 25mg,medication
Glycine 1000mg,supplement
Lantus 250mg,medication
CoQ10 500mg,supplement
Neurontin 500mg,medication
Evening Primrose Oil 1000mg,supplement
Indomethacin 200mg,medication
Cranberry 25mg,supplement
Paroxetine 250mg,medication
Taurine 1000mg,supplement
Dilantin 25mg,medication
Nicotinamide Riboside 250mg,supplement
PTU 1000mg,medication
Echinacea 25mg,supplement
Apresoline 250mg,medication
Phosphatidylserine 1000mg,supplement
Montelukast 25mg,medication
Creatine 500mg,supplement
Eszopiclone 100mg,medication
Marshmallow Root 1000mg,supplement
Glucotrol 25mg,medication
Folate 250mg,supplement
Linagliptin 50mg,medication
Dandelion Root 250mg,supplement
Toprol 50mg,medication
CLA 500mg,supplement
Meloxicam 100mg,medication
Tryptophan 25mg,supplement
Hydrocortisone 100mg,medication
5-HTP 50mg,supplement
Paxil 500mg,medication
Lemon Balm 500mg,supplement
Inspra 50mg,medication
Shiitake 200mg,supplement
Topiramate 200mg,medication
Pycnogenol 500mg,supplement
Valproic Acid 200mg,medication
Berberine 50mg,supplement
Lialda 500mg,medication
Piperine 25mg,supplement
Tapazole 1000mg,medication
Alpha Lipoic Acid 500mg,supplement
Captopril 100mg,medication
Krill Oil 1000mg,supplement
Eskalith 50mg,medication
Proline 100mg,supplement
Bupropion 25mg,medication
Senna 1000mg,supplement
Glucophage 50mg,medication
Nattokinase 250mg,supplement
Celecoxib 50mg,medication
Magnesium 100mg,supplement
Captopril 25mg,medication
Butcher's Broom 25mg,supplement
Aldomet 100mg,medication
Tribulus 1000mg,supplement
Januvia 250mg,medication
Bifidobacterium 1000mg,supplement
Bupropion 1000mg,medication
Astaxanthin 100mg,supplement
Carbamazepine 500mg,medication
Vitamin B12 25mg,supplement
Glucotrol 50mg,medication
Reishi 200mg,supplement
Tapazole 25mg,medication
Folic Acid 1000mg,supplement
Prevacid 25mg,medication
Vitamin A 100mg,supplement
Perindopril 100mg,medication
Echinacea 50mg,supplement
Microzide 50mg,medication
Taurine 1000mg,supplement
Topamax 50mg,medication
L-Theanine 100mg,supplement
Saxagliptin 500mg,medication
Maitake 200mg,supplement
Codeine 500mg,medication
Sulbutiamine 200mg,supplement
Prevacid 200mg,medication
Shiitake 250mg,supplement
Flonase 100mg,medication
Tyrosine 50mg,supplement
Tylenol 50mg,medication
Folate 500mg,supplement
Venlafaxine 1000mg,medication
Zeaxanthin 500mg,supplement
Lialda 250mg,medication
Spirulina 200mg,supplement
Zoloft 200mg,medication
Glucosamine 200mg,supplement
Canagliflozin 1000mg,medication
Quercetin 250mg,supplement
PTU 200mg,medication
Krill Oil 25mg,supplement
Toujeo 250mg,medication
Folate 250mg,supplement
Morphine 1000mg,medication
Echinacea 500mg,supplement
Indomethacin 200mg,medication
Cinnamon 1000mg,supplement
Dexamethasone 25mg,medication
Flaxseed Oil 100mg,supplement
Medrol 200mg,medication
Triphala 250mg,supplement
Morphine 50mg,medication
DGL 250mg,supplement
Carbamazepine 1000mg,medication
Butcher's Broom 50mg,supplement
Montelukast 25mg,medication
Oregano Oil 25mg,supplement
Protonix 200mg,medication
Gelatin 50mg,supplement
Pravastatin 250mg,medication
CDP-Choline 200mg,supplement
Sulfasalazine 250mg,medication
Artichoke Extract 50mg,supplement
Meloxicam 100mg,medication
Inulin 250mg,supplement
Ultram 25mg,medication
Bromelain 500mg,supplement
Pravastatin 250mg,medication
Coenzyme Q10 50mg,supplement
Methylprednisolone 200mg,medication
Lion's Mane 200mg,supplement
Accupril 1000mg,medication
Prebiotics 200mg,supplement
Voltaren 25mg,medication
Bifidobacterium 100mg,supplement
Flexeril 25mg,medication
Pycnogenol 25mg,supplement
Benicar 1000mg,medication
Quercetin 1000mg,supplement
Nesina 25mg,medication
Tyrosine 1000mg,supplement
Fluticasone 500mg,medication
GABA 500mg,supplement
Oxycodone 100mg,medication
Panax Ginseng 1000mg,supplement
Candesartan 50mg,medication
Eyebright 25mg,supplement
Sitagliptin 100mg,medication
Slippery Elm 100mg,supplement
Nortriptyline 100mg,medication
Cinnamon 250mg,supplement
Mobic 200mg,medication
Zinc 500mg,supplement
Prednisone 100mg,medication
Saw Palmetto 500mg,supplement
Propylthiouracil 50mg,medication
Digestive Enzymes 1000mg,supplement
Alprazolam 25mg,medication
DHA 500mg,supplement
Risperdal 50mg,medication
Inositol 100mg,supplement
Labetalol 25mg,medication
Olive Leaf Extract 1000mg,supplement
Candesartan 200mg,medication
Pau d'Arco 25mg,supplement
Medrol 250mg,medication
Black Currant Oil 500mg,supplement
Keppra 25mg,medication
Shiitake 500mg,supplement
Verapamil 50mg,medication
Glucosamine 50mg,supplement
Dapagliflozin 50mg,medication
Berberine 200mg,supplement
Enalapril 200mg,medication
Omega-3 250mg,supplement
Lanoxin 250mg,medication
Alpha Lipoic Acid 200mg,supplement
Alprazolam 200mg,medication
Tribulus 200mg,supplement
Empagliflozin 200mg,medication
Lumbrokinase 25mg,supplement
Pamelor 100mg,medication
Elderberry 200mg,supplement
Apresoline 250mg,medication
Calcium 100mg,supplement
Clonidine 1000mg,medication
CDP-Choline 50mg,supplement
Trandolapril 250mg,medication
Hawthorn 500mg,supplement
Zebeta 25mg,medication
Serrapeptase 25mg,supplement
Jardiance 25mg,medication
Turmeric 100mg,supplement
Eprosartan 500mg,medication
Curcumin 100mg,supplement
Acetaminophen 100mg,medication
Zinc 200mg,supplement
Omeprazole 100mg,medication
Potassium 500mg,supplement
Fluticasone 500mg,medication
Vitamin C 1000mg,supplement
Remeron 200mg,medication
DGL 25mg,supplement
Trazodone 250mg,medication
Mucuna Pruriens 100mg,supplement
Clonazepam 1000mg,medication
Phosphatidylserine 50mg,supplement
Novolog 1000mg,medication
D-Mannose 200mg,supplement
Paroxetine 50mg,medication
Vitamin E 1000mg,supplement
Carafate 200mg,medication
Echinacea 250mg,supplement
Zanaflex 1000mg,medication
Vitamin A 200mg,supplement
Citalopram 1000mg,medication
Centella 50mg,supplement
Carvedilol 200mg,medication
Andrographis 500mg,supplement
Flexeril 1000mg,medication
NAC 1000mg,supplement
Famotidine 50mg,medication
Tyrosine 50mg,supplement
Calan 50mg,medication
Shiitake 50mg,supplement
Nasonex 100mg,medication
L-DOPA 50mg,supplement
Micardis 100mg,medication
Pygeum 25mg,supplement
Apresoline 100mg,medication
Bifidobacterium 100mg,supplement
Famotidine 1000mg,medication
Glucosamine 100mg,supplement
Xanax 200mg,medication
Andrographis 500mg,supplement
Lopressor 200mg,medication
PQQ 200mg,supplement
Empagliflozin 1000mg,medication
Cordyceps 500mg,supplement
Levothyroxine 100mg,medication
Kava 100mg,supplement
Paxil 100mg,medication
Bilberry 50mg,supplement
Abilify 100mg,medication
Chromium 200mg,supplement
Diazepam 1000mg,medication
Serrapeptase 50mg,supplement
Pravachol 500mg,medication
Black Currant Oil 250mg,supplement
Nasonex 250mg,medication
Lysine 100mg,supplement
Prilosec 25mg,medication
Vitamin D 250mg,supplement
Oxycodone 50mg,medication
Resveratrol 50mg,supplement
Pantoprazole 1000mg,medication
Goldenseal 250mg,supplement
Mometasone 50mg,medication
Lion's Mane 1000mg,supplement
Aspirin 250mg,medication
Elderberry 250mg,supplement
Mavik 200mg,medication
Apple Cider Vinegar 50mg,supplement
Protonix 50mg,medication
D-Mannose 1000mg,supplement
Bupropion 250mg,medication
Vitamin D3 1000mg,supplement
Empagliflozin 500mg,medication
Betaine 200mg,supplement
Voltaren 500mg,medication
EGCG 50mg,supplement
Quetiapine 25mg,medication
Hesperidin 50mg,supplement
Vicodin 25mg,medication
Borage Oil 25mg,supplement
Levetiracetam 500mg,medication
Mucuna Pruriens 50mg,supplement
Sulfasalazine 250mg,medication
Aloe Vera 25mg,supplement
Aceon 250mg,medication
Turkey Tail 25mg,supplement
Accupril 25mg,medication
Marshmallow Root 200mg,supplement
Lioresal 50mg,medication
CDP-Choline 25mg,supplement
Eplerenone 500mg,medication
Moringa 500mg,supplement
Atenolol 50mg,medication
CLA 1000mg,supplement
Fosinopril 200mg,medication
Oregano Oil 50mg,supplement
Glyburide 100mg,medication
Selenium 500mg,supplement
Hydrochlorothiazide 500mg,medication
Vitamin A 1000mg,supplement
Olanzapine 200mg,medication
Molybdenum 1000mg,supplement
Benicar 250mg,medication
Echinacea 500mg,supplement
Metformin 1000mg,medication
Cat's Claw 250mg,supplement
Zoloft 250mg,medication
Valerian Root 50mg,supplement
Zyrtec 25mg,medication
Andrographis 250mg,supplement
Hydrocodone 1000mg,medication
BCAAs 25mg,supplement
Lantus 250mg,medication
Vitamin B12 200mg,supplement
Rosuvastatin 200mg,medication
Artichoke Extract 250mg,supplement
Oxycodone 100mg,medication
Butcher's Broom 250mg,supplement
Flexeril 500mg,medication
Milk Thistle 1000mg,supplement
Sertraline 1000mg,medication
Fenugreek 50mg,supplement
Propylthiouracil 25mg,medication
Maca 200mg,supplement
Eszopiclone 250mg,medication
Rhodiola 1000mg,supplement
Lunesta 25mg,medication
Chondroitin 25mg,supplement
Nortriptyline 250mg,medication
Shiitake 100mg,supplement
Ambien 250mg,medication
Potassium 200mg,supplement
Lialda 250mg,medication
CLA 250mg,supplement
Diazepam 100mg,medication
Passionflower 25mg,supplement
Januvia 1000mg,medication
Panax Ginseng 500mg,supplement
Lipitor 200mg,medication
Lycopene 200mg,supplement
Celecoxib 100mg,medication
Serrapeptase 50mg,supplement
Amaryl 1000mg,medication
Caprylic Acid 50mg,supplement
Valium 100mg,medication
CDP-Choline 1000mg,supplement
Celecoxib 1000mg,medication
Hesperidin 500mg,supplement
Simvastatin 25mg,medication
Bitter Melon 1000mg,supplement
Nesina 250mg,medication
Goldenseal 200mg,supplement
Prinivil 250mg,medication
Magnesium 500mg,supplement
Amaryl 1000mg,medication
Selenium 50mg,supplement
Pepcid 500mg,medication
EGCG 500mg,supplement
Losartan 250mg,medication
Pycnogenol 500mg,supplement
Dexlansoprazole 250mg,medication
Histidine 250mg,supplement
Lantus 50mg,medication
Histidine 200mg,supplement
Tramadol 250mg,medication
Pau d'Arco 1000mg,supplement
Quetiapine 25mg,medication
Bilberry 200mg,supplement
OxyContin 50mg,medication
Valerian Root 250mg,supplement
Mavik 500mg,medication
Aloe Vera 200mg,supplement
Glyburide 1000mg,medication
Pine Bark Extract 25mg,supplement
Zebeta 200mg,medication
Lactobacillus 50mg,supplement
Lanoxin 1000mg,medication
CLA 500mg,supplement
Benazepril 25mg,medication
Coenzyme Q10 100mg,supplement
Escitalopram 100mg,medication
Turmeric 1000mg,supplement
Eprosartan 100mg,medication
Evening Primrose Oil 25mg,supplement
Topiramate 200mg,medication
Garlic 50mg,supplement
Coreg 200mg,medication
Nattokinase 1000mg,supplement
Saxagliptin 50mg,medication
Lumbrokinase 1000mg,supplement
Furosemide 200mg,medication
Magnesium 200mg,supplement
Lisinopril 1000mg,medication
L-Carnitine 50mg,supplement
Zoloft 500mg,medication
L-Theanine 1000mg,supplement
Methyldopa 500mg,medication
Iodine 1000mg,supplement
Monopril 100mg,medication
EGCG 500mg,supplement
Pepcid 200mg,medication
Folic Acid 100mg,supplement
Nesina 50mg,medication
Cat's Claw 1000mg,supplement
Dexilant 500mg,medication
Biotin 1000mg,supplement
Lamotrigine 100mg,medication
Zinc Carnosine 250mg,supplement
Elavil 50mg,medication
Hesperidin 25mg,supplement
Inspra 250mg,medication
Tyrosine 100mg,supplement
Flexeril 1000mg,medication
D-Mannose 25mg,supplement
Empagliflozin 500mg,medication
Slippery Elm 200mg,supplement
Carafate 25mg,medication
Quercetin 50mg,supplement
Benadryl 1000mg,medication
Reishi 25mg,supplement
Claritin 25mg,medication
DHEA 200mg,supplement
Metoprolol 250mg,medication
Omega-3 250mg,supplement
Invokana 25mg,medication
Andrographis 250mg,supplement
Avandia 50mg,medication
Calcium 50mg,supplement
Zyprexa 1000mg,medication
Kava 100mg,supplement
Lunesta 50mg,medication
Gotu Kola 250mg,supplement
Neurontin 1000mg,medication
Green Tea Extract 250mg,supplement
Flonase 1000mg,medication
Andrographis 25mg,supplement
Diazepam 50mg,medication
Pau d'Arco 250mg,supplement
Zyrtec 200mg,medication
Gotu Kola 200mg,supplement
Accupril 50mg,medication
Melatonin 25mg,supplement
Fexofenadine 500mg,medication
5-HTP 25mg,supplement
Inderal 1000mg,medication
Bilberry 500mg,supplement
Levothyroxine 100mg,medication
Chicory Root 500mg,supplement
Indocin 100mg,medication
ALCAR 250mg,supplement
Depakote 250mg,medication
Betaine 250mg,supplement
Vasotec 250mg,medication
Choline 500mg,supplement
Neurontin 50mg,medication
Iodine 250mg,supplement
Bupropion 25mg,medication
Tyrosine 500mg,supplement
Lithium 250mg,medication
CDP-Choline 200mg,supplement
Carbamazepine 50mg,medication
Psyllium 500mg,supplement
Tradjenta 200mg,medication
DHA 1000mg,supplement
Toradol 200mg,medication
Apple Cider Vinegar 250mg,supplement
Indocin 250mg,medication
Olive Leaf 100mg,supplement
Pravachol 500mg,medication
CDP-Choline 500mg,supplement
Insulin 200mg,medication
Chromium 250mg,supplement
Diclofenac 25mg,medication
Fish Oil 200mg,supplement
Inspra 1000mg,medication
Valerian Root 1000mg,supplement
Cymbalta 200mg,medication
Pregnenolone 100mg,supplement
Topiramate 250mg,medication
Sambucus 100mg,supplement
Glucophage 1000mg,medication
Caprylic Acid 200mg,supplement
Aripiprazole 50mg,medication
Spirulina 1000mg,supplement
Lansoprazole 50mg,medication
Phosphatidylcholine 50mg,supplement
Tizanidine 1000mg,medication
Chromium 500mg,supplement
Benazepril 200mg,medication
Butcher's Broom 250mg,supplement
Trandolapril 500mg,medication
Glutathione 50mg,supplement
Morphine 50mg,medication
Turmeric 1000mg,supplement
Seroquel 50mg,medication
Magnesium 200mg,supplement
Lotensin 500mg,medication
Chicory Root 50mg,supplement
Verapamil 500mg,medication
Sambucus 25mg,supplement
Valsartan 100mg,medication
Iron 50mg,supplement
Ambien 200mg,medication
Folic Acid 100mg,supplement
Amaryl 50mg,medication
Olive Leaf 100mg,supplement
Atenolol 500mg,medication
L-Glutamine 500mg,supplement
Diazepam 500mg,medication
Phenylalanine 1000mg,supplement
Celecoxib 250mg,medication
Cordyceps 50mg,supplement
Eskalith 50mg,medication
Pumpkin Seed 500mg,supplement
Glimepiride 100mg,medication
Grape Seed Extract 200mg,supplement
Carvedilol 250mg,medication
Black Pepper Extract 250mg,supplement
Zolpidem 25mg,medication
Digestive Enzymes 500mg,supplement
Diovan 250mg,medication
Beta-Alanine 50mg,supplement
Levothyroxine 50mg,medication
NMN 50mg,supplement
Duloxetine 200mg,medication
Turkey Tail 50mg,supplement
Flexeril 500mg,medication
Omega-3 1000mg,supplement
Lisinopril 500mg,medication
Bifidobacterium 500mg,supplement
Cytomel 250mg,medication
Krill Oil 200mg,supplement
Esomeprazole 1000mg,medication
MCT Oil 100mg,supplement
Mesalamine 200mg,medication
Coenzyme Q10 25mg,supplement
Asacol 100mg,medication
Zinc Carnosine 25mg,supplement
Zyrtec 250mg,medication
Chamomile 50mg,supplement
Olanzapine 1000mg,medication
Chromium 500mg,supplement
Cytomel 500mg,medication
Centella 200mg,supplement
Vicodin 100mg,medication
Echinacea 1000mg,supplement
Levetiracetam 50mg,medication
Pygeum 250mg,supplement
Telmisartan 50mg,medication
Gotu Kola 500mg,supplement
Atenolol 500mg,medication
Senna 250mg,supplement
Remeron 500mg,medication
Potassium 250mg,supplement
Famotidine 100mg,medication
Glycine 100mg,supplement
Monopril 500mg,medication
Cranberry 500mg,supplement
Lansoprazole 250mg,medication
Sambucus 50mg,supplement
Telmisartan 100mg,medication
Phenylalanine 500mg,supplement
Lamictal 1000mg,medication
Nicotinamide Riboside 200mg,supplement
Aripiprazole 200mg,medication
Apple Cider Vinegar 100mg,supplement
Sitagliptin 100mg,medication
DGL 500mg,supplement
Enalapril 100mg,medication
Centella 1000mg,supplement
Benazepril 500mg,medication
Marshmallow Root 100mg,supplement
Cyclobenzaprine 500mg,medication
CoQ10 100mg,supplement
Olanzapine 250mg,medication
DHEA 25mg,supplement
Labetalol 200mg,medication
St. John's Wort 500mg,supplement
Carafate 250mg,medication
Bifidobacterium 50mg,supplement
Tradjenta 500mg,medication
Piperine 250mg,supplement
Codeine 100mg,medication
Panax Ginseng 500mg,supplement
Alprazolam 100mg,medication
Glutamine 100mg,supplement
Risperdal 100mg,medication